attack,churn,seed,round,acc,f1
grad-p,0.0,42,0,19.65,24.23
grad-p,0.0,42,1,28.75,26.36
grad-p,0.0,42,2,54.05,34.59
grad-p,0.0,42,3,78.95,47.18
grad-p,0.0,42,4,84.15,50.08
grad-p,0.0,42,5,86.7,58.57
grad-p,0.0,42,6,87.1,53.26
grad-p,0.0,42,7,87.2,53.79
grad-p,0.0,42,8,89.5,52.27
grad-p,0.0,42,9,90.9,54.73
grad-p,0.0,42,10,91.35,54.11
grad-p,0.0,42,11,91.0,50.0
grad-p,0.0,42,12,90.05,38.39
grad-p,0.0,42,13,88.9,24.49
grad-p,0.0,42,14,89.0,25.68
grad-p,0.0,42,15,88.85,23.37
grad-p,0.0,42,16,88.45,18.37
grad-p,0.0,42,17,88.5,19.01
grad-p,0.0,42,18,89.4,29.8
grad-p,0.0,42,19,89.85,35.14
grad-p,0.0,42,20,89.3,28.67
grad-p,0.0,42,21,89.25,28.09
grad-p,0.0,42,22,89.4,29.8
grad-p,0.0,42,23,89.45,30.36
grad-p,0.0,42,24,89.15,26.94
grad-p,0.0,42,25,89.1,26.35
grad-p,0.0,42,26,89.35,29.24
grad-p,0.0,42,27,89.15,26.94
grad-p,0.0,42,28,89.95,35.78
grad-p,0.0,42,29,90.25,38.87
grad-p,0.0,42,30,89.95,35.78
grad-p,0.0,42,31,90.1,37.34
grad-p,0.0,42,32,91.05,46.57
grad-p,0.0,42,33,90.95,45.97
grad-p,0.0,42,34,92.25,57.3
grad-p,0.0,42,35,92.95,62.6
grad-p,0.0,42,36,92.8,61.5
grad-p,0.0,42,37,93.7,67.86
grad-p,0.0,42,38,93.4,65.98
grad-p,0.0,42,39,91.7,52.3
grad-p,0.0,42,40,91.95,54.39
grad-p,0.0,42,41,92.1,55.62
grad-p,0.0,42,42,91.9,53.98
grad-p,0.0,42,43,91.45,50.15
grad-p,0.0,42,44,91.4,49.71
grad-p,0.0,42,45,91.65,51.87
grad-p,0.0,42,46,91.8,53.14
grad-p,0.0,42,47,90.8,44.24
grad-p,0.0,42,48,91.05,46.57
grad-p,0.0,42,49,91.0,46.11
grad-p,0.0,43,0,86.0,39.91
grad-p,0.0,43,1,84.3,20.71
grad-p,0.0,43,2,75.6,20.52
grad-p,0.0,43,3,47.95,16.65
grad-p,0.0,43,4,37.1,13.0
grad-p,0.0,43,5,61.2,8.49
grad-p,0.0,43,6,78.05,3.52
grad-p,0.0,43,7,84.85,3.19
grad-p,0.0,43,8,84.0,12.57
grad-p,0.0,43,9,86.75,5.69
grad-p,0.0,43,10,86.8,22.35
grad-p,0.0,43,11,87.45,26.39
grad-p,0.0,43,12,88.35,38.2
grad-p,0.0,43,13,89.4,39.43
grad-p,0.0,43,14,89.6,33.33
grad-p,0.0,43,15,90.1,38.51
grad-p,0.0,43,16,89.3,29.14
grad-p,0.0,43,17,89.55,31.48
grad-p,0.0,43,18,88.8,22.76
grad-p,0.0,43,19,88.8,22.76
grad-p,0.0,43,20,90.15,39.38
grad-p,0.0,43,21,90.4,41.82
grad-p,0.0,43,22,89.8,34.62
grad-p,0.0,43,23,90.35,40.25
grad-p,0.0,43,24,90.7,43.64
grad-p,0.0,43,25,91.0,46.43
grad-p,0.0,43,26,89.85,34.73
grad-p,0.0,43,27,90.35,39.88
grad-p,0.0,43,28,89.7,33.12
grad-p,0.0,43,29,90.0,36.31
grad-p,0.0,43,30,90.6,42.33
grad-p,0.0,43,31,91.2,47.93
grad-p,0.0,43,32,91.9,54.24
grad-p,0.0,43,33,92.4,58.01
grad-p,0.0,43,34,91.6,51.45
grad-p,0.0,43,35,91.6,51.45
grad-p,0.0,43,36,91.8,53.14
grad-p,0.0,43,37,91.55,51.3
grad-p,0.0,43,38,92.1,56.11
grad-p,0.0,43,39,92.2,56.67
grad-p,0.0,43,40,92.75,61.13
grad-p,0.0,43,41,92.2,56.42
grad-p,0.0,43,42,91.9,53.98
grad-p,0.0,43,43,92.3,57.22
grad-p,0.0,43,44,92.45,58.4
grad-p,0.0,43,45,92.9,62.43
grad-p,0.0,43,46,92.5,59.24
grad-p,0.0,43,47,92.2,56.67
grad-p,0.0,43,48,92.4,58.24
grad-p,0.0,43,49,92.2,56.42
grad-p,0.0,44,0,49.6,30.19
grad-p,0.0,44,1,28.0,23.97
grad-p,0.0,44,2,18.85,23.41
grad-p,0.0,44,3,22.6,24.19
grad-p,0.0,44,4,34.9,26.94
grad-p,0.0,44,5,44.45,29.64
grad-p,0.0,44,6,61.65,35.82
grad-p,0.0,44,7,75.5,43.02
grad-p,0.0,44,8,81.1,46.61
grad-p,0.0,44,9,82.2,37.32
grad-p,0.0,44,10,88.6,35.96
grad-p,0.0,44,11,89.8,59.36
grad-p,0.0,44,12,92.35,66.95
grad-p,0.0,44,13,90.1,37.74
grad-p,0.0,44,14,90.3,39.75
grad-p,0.0,44,15,89.05,25.76
grad-p,0.0,44,16,88.7,21.53
grad-p,0.0,44,17,89.3,28.67
grad-p,0.0,44,18,89.45,30.36
grad-p,0.0,44,19,89.7,33.12
grad-p,0.0,44,20,92.25,57.06
grad-p,0.0,44,21,90.55,41.85
grad-p,0.0,44,22,90.85,44.71
grad-p,0.0,44,23,90.85,44.71
grad-p,0.0,44,24,91.45,50.15
grad-p,0.0,44,25,90.45,40.87
grad-p,0.0,44,26,90.0,36.31
grad-p,0.0,44,27,90.95,45.65
grad-p,0.0,44,28,89.95,35.78
grad-p,0.0,44,29,90.4,40.37
grad-p,0.0,44,30,90.0,36.31
grad-p,0.0,44,31,89.7,33.12
grad-p,0.0,44,32,89.3,28.67
grad-p,0.0,44,33,91.2,47.93
grad-p,0.0,44,34,91.2,47.93
grad-p,0.0,44,35,91.4,49.71
grad-p,0.0,44,36,91.55,51.01
grad-p,0.0,44,37,90.45,40.87
grad-p,0.0,44,38,90.4,40.37
grad-p,0.0,44,39,89.9,35.26
grad-p,0.0,44,40,90.3,39.38
grad-p,0.0,44,41,90.55,41.85
grad-p,0.0,44,42,90.95,45.65
grad-p,0.0,44,43,91.7,52.3
grad-p,0.0,44,44,92.1,55.62
grad-p,0.0,44,45,92.35,57.85
grad-p,0.0,44,46,92.8,61.08
grad-p,0.0,44,47,92.05,55.21
grad-p,0.0,44,48,92.55,59.18
grad-p,0.0,44,49,92.5,58.79
grad-p,0.1,42,0,19.65,24.23
grad-p,0.1,42,1,21.95,24.77
grad-p,0.1,42,2,21.4,24.64
grad-p,0.1,42,3,46.1,32.12
grad-p,0.1,42,4,32.7,27.56
grad-p,0.1,42,5,40.95,30.32
grad-p,0.1,42,6,45.6,32.0
grad-p,0.1,42,7,61.25,39.59
grad-p,0.1,42,8,63.75,40.03
grad-p,0.1,42,9,73.75,46.7
grad-p,0.1,42,10,84.45,54.73
grad-p,0.1,42,11,84.1,55.08
grad-p,0.1,42,12,86.85,58.97
grad-p,0.1,42,13,88.6,60.96
grad-p,0.1,42,14,89.65,63.62
grad-p,0.1,42,15,91.95,66.8
grad-p,0.1,42,16,92.55,65.75
grad-p,0.1,42,17,92.55,65.59
grad-p,0.1,42,18,92.75,65.56
grad-p,0.1,42,19,92.85,66.35
grad-p,0.1,42,20,93.3,69.55
grad-p,0.1,42,21,91.25,51.79
grad-p,0.1,42,22,91.1,49.72
grad-p,0.1,42,23,90.65,43.84
grad-p,0.1,42,24,89.85,35.14
grad-p,0.1,42,25,89.8,34.19
grad-p,0.1,42,26,88.8,22.76
grad-p,0.1,42,27,89.1,26.35
grad-p,0.1,42,28,90.1,37.34
grad-p,0.1,42,29,90.25,38.87
grad-p,0.1,42,30,90.75,43.77
grad-p,0.1,42,31,91.25,48.38
grad-p,0.1,42,32,91.4,49.71
grad-p,0.1,42,33,91.3,48.82
grad-p,0.1,42,34,91.45,50.15
grad-p,0.1,42,35,92.6,59.56
grad-p,0.1,42,36,92.5,59.46
grad-p,0.1,42,37,92.45,59.08
grad-p,0.1,42,38,93.35,66.16
grad-p,0.1,42,39,91.25,48.38
grad-p,0.1,42,40,91.4,49.71
grad-p,0.1,42,41,91.45,50.15
grad-p,0.1,42,42,90.8,44.24
grad-p,0.1,42,43,90.45,40.87
grad-p,0.1,42,44,90.5,41.36
grad-p,0.1,42,45,90.65,42.81
grad-p,0.1,42,46,90.75,43.77
grad-p,0.1,42,47,90.15,37.85
grad-p,0.1,42,48,90.5,41.36
grad-p,0.1,42,49,90.55,41.85
grad-p,0.1,43,0,47.5,32.78
grad-p,0.1,43,1,39.15,29.61
grad-p,0.1,43,2,51.5,34.55
grad-p,0.1,43,3,61.95,39.56
grad-p,0.1,43,4,82.1,42.26
grad-p,0.1,43,5,84.15,46.0
grad-p,0.1,43,6,87.75,53.69
grad-p,0.1,43,7,88.7,55.51
grad-p,0.1,43,8,89.35,55.35
grad-p,0.1,43,9,89.95,56.4
grad-p,0.1,43,10,90.15,56.32
grad-p,0.1,43,11,91.2,57.49
grad-p,0.1,43,12,91.3,57.35
grad-p,0.1,43,13,91.7,58.91
grad-p,0.1,43,14,91.7,57.65
grad-p,0.1,43,15,91.8,58.16
grad-p,0.1,43,16,91.05,55.58
grad-p,0.1,43,17,89.3,30.97
grad-p,0.1,43,18,89.8,36.65
grad-p,0.1,43,19,89.55,33.65
grad-p,0.1,43,20,89.8,36.25
grad-p,0.1,43,21,90.45,42.99
grad-p,0.1,43,22,90.6,44.05
grad-p,0.1,43,23,90.85,46.02
grad-p,0.1,43,24,91.2,49.13
grad-p,0.1,43,25,89.85,35.56
grad-p,0.1,43,26,89.45,31.27
grad-p,0.1,43,27,89.7,33.97
grad-p,0.1,43,28,90.15,38.63
grad-p,0.1,43,29,90.35,40.62
grad-p,0.1,43,30,90.65,43.5
grad-p,0.1,43,31,91.65,52.15
grad-p,0.1,43,32,91.95,54.65
grad-p,0.1,43,33,92.1,56.11
grad-p,0.1,43,34,92.85,62.47
grad-p,0.1,43,35,92.85,62.47
grad-p,0.1,43,36,92.8,61.9
grad-p,0.1,43,37,92.9,64.68
grad-p,0.1,43,38,92.9,63.59
grad-p,0.1,43,39,92.75,63.1
grad-p,0.1,43,40,92.75,63.66
grad-p,0.1,43,41,92.6,62.63
grad-p,0.1,43,42,92.75,63.1
grad-p,0.1,43,43,92.95,64.66
grad-p,0.1,43,44,93.1,65.5
grad-p,0.1,43,45,93.2,64.58
grad-p,0.1,43,46,93.35,65.63
grad-p,0.1,43,47,92.8,61.7
grad-p,0.1,43,48,92.9,62.23
grad-p,0.1,43,49,92.65,60.38
grad-p,0.1,44,0,49.6,30.19
grad-p,0.1,44,1,73.6,25.21
grad-p,0.1,44,2,47.4,32.56
grad-p,0.1,44,3,47.25,32.42
grad-p,0.1,44,4,64.65,36.48
grad-p,0.1,44,5,79.0,45.45
grad-p,0.1,44,6,80.3,40.48
grad-p,0.1,44,7,87.4,48.78
grad-p,0.1,44,8,83.35,36.57
grad-p,0.1,44,9,87.7,46.29
grad-p,0.1,44,10,88.05,33.8
grad-p,0.1,44,11,88.4,38.95
grad-p,0.1,44,12,88.4,41.41
grad-p,0.1,44,13,88.9,42.19
grad-p,0.1,44,14,89.15,40.22
grad-p,0.1,44,15,88.45,25.72
grad-p,0.1,44,16,89.1,26.85
grad-p,0.1,44,17,88.8,23.29
grad-p,0.1,44,18,88.85,23.89
grad-p,0.1,44,19,87.75,8.92
grad-p,0.1,44,20,88.35,17.08
grad-p,0.1,44,21,88.8,22.76
grad-p,0.1,44,22,88.5,19.58
grad-p,0.1,44,23,88.7,22.07
grad-p,0.1,44,24,88.8,23.29
grad-p,0.1,44,25,88.75,22.68
grad-p,0.1,44,26,88.65,20.91
grad-p,0.1,44,27,88.7,21.53
grad-p,0.1,44,28,88.75,22.15
grad-p,0.1,44,29,88.8,22.76
grad-p,0.1,44,30,88.75,22.15
grad-p,0.1,44,31,88.75,22.15
grad-p,0.1,44,32,88.65,20.91
grad-p,0.1,44,33,88.65,20.91
grad-p,0.1,44,34,88.85,23.37
grad-p,0.1,44,35,88.75,22.15
grad-p,0.1,44,36,88.85,23.37
grad-p,0.1,44,37,88.7,21.53
grad-p,0.1,44,38,88.4,17.73
grad-p,0.1,44,39,88.6,20.28
grad-p,0.1,44,40,89.0,25.17
grad-p,0.1,44,41,89.35,29.24
grad-p,0.1,44,42,89.6,32.03
grad-p,0.1,44,43,89.75,33.66
grad-p,0.1,44,44,89.45,30.36
grad-p,0.1,44,45,89.6,32.03
grad-p,0.1,44,46,89.8,34.19
grad-p,0.1,44,47,89.85,34.73
grad-p,0.1,44,48,89.9,35.26
grad-p,0.1,44,49,90.3,39.38
grad-p,0.2,42,0,24.1,25.3
grad-p,0.2,42,1,44.1,31.33
grad-p,0.2,42,2,60.75,32.73
grad-p,0.2,42,3,76.2,29.59
grad-p,0.2,42,4,66.8,29.81
grad-p,0.2,42,5,83.4,16.16
grad-p,0.2,42,6,87.0,0.0
grad-p,0.2,42,7,87.05,1.52
grad-p,0.2,42,8,87.3,2.31
grad-p,0.2,42,9,87.3,2.31
grad-p,0.2,42,10,87.15,0.0
grad-p,0.2,42,11,87.1,0.0
grad-p,0.2,42,12,87.15,0.0
grad-p,0.2,42,13,87.1,0.0
grad-p,0.2,42,14,87.15,0.0
grad-p,0.2,42,15,87.15,0.0
grad-p,0.2,42,16,87.15,0.0
grad-p,0.2,42,17,87.15,0.0
grad-p,0.2,42,18,87.4,3.82
grad-p,0.2,42,19,87.35,3.07
grad-p,0.2,42,20,87.5,5.3
grad-p,0.2,42,21,87.6,6.77
grad-p,0.2,42,22,87.3,2.31
grad-p,0.2,42,23,87.3,2.31
grad-p,0.2,42,24,87.5,5.3
grad-p,0.2,42,25,87.35,3.07
grad-p,0.2,42,26,87.2,0.78
grad-p,0.2,42,27,87.35,3.07
grad-p,0.2,42,28,88.75,22.15
grad-p,0.2,42,29,88.45,18.37
grad-p,0.2,42,30,88.45,18.37
grad-p,0.2,42,31,88.75,22.15
grad-p,0.2,42,32,88.9,23.97
grad-p,0.2,42,33,88.7,21.53
grad-p,0.2,42,34,89.0,25.17
grad-p,0.2,42,35,88.85,23.37
grad-p,0.2,42,36,89.6,32.03
grad-p,0.2,42,37,90.1,37.34
grad-p,0.2,42,38,88.75,22.15
grad-p,0.2,42,39,89.55,31.48
grad-p,0.2,42,40,90.55,41.85
grad-p,0.2,42,41,90.45,40.87
grad-p,0.2,42,42,91.0,46.11
grad-p,0.2,42,43,91.05,46.57
grad-p,0.2,42,44,90.8,44.24
grad-p,0.2,42,45,91.25,48.38
grad-p,0.2,42,46,90.45,40.87
grad-p,0.2,42,47,89.0,25.17
grad-p,0.2,42,48,89.1,26.35
grad-p,0.2,42,49,88.95,24.57
grad-p,0.2,43,0,68.75,21.97
grad-p,0.2,43,1,52.2,31.42
grad-p,0.2,43,2,38.85,29.27
grad-p,0.2,43,3,43.3,31.11
grad-p,0.2,43,4,23.0,25.02
grad-p,0.2,43,5,18.4,23.95
grad-p,0.2,43,6,28.6,26.47
grad-p,0.2,43,7,33.15,27.77
grad-p,0.2,43,8,42.8,30.83
grad-p,0.2,43,9,55.95,36.57
grad-p,0.2,43,10,67.4,43.4
grad-p,0.2,43,11,89.95,64.8
grad-p,0.2,43,12,91.7,67.06
grad-p,0.2,43,13,90.2,67.44
grad-p,0.2,43,14,91.7,70.88
grad-p,0.2,43,15,92.2,72.82
grad-p,0.2,43,16,92.75,70.94
grad-p,0.2,43,17,93.0,71.19
grad-p,0.2,43,18,93.15,71.75
grad-p,0.2,43,19,93.05,69.85
grad-p,0.2,43,20,93.1,70.0
grad-p,0.2,43,21,91.0,67.97
grad-p,0.2,43,22,91.75,69.72
grad-p,0.2,43,23,92.0,68.75
grad-p,0.2,43,24,91.45,68.27
grad-p,0.2,43,25,92.4,63.64
grad-p,0.2,43,26,92.75,65.72
grad-p,0.2,43,27,93.05,66.83
grad-p,0.2,43,28,93.2,67.62
grad-p,0.2,43,29,93.7,70.0
grad-p,0.2,43,30,93.75,69.88
grad-p,0.2,43,31,93.9,70.39
grad-p,0.2,43,32,94.15,72.08
grad-p,0.2,43,33,94.3,72.99
grad-p,0.2,43,34,94.5,73.3
grad-p,0.2,43,35,94.0,70.0
grad-p,0.2,43,36,94.05,70.62
grad-p,0.2,43,37,93.75,68.35
grad-p,0.2,43,38,94.1,70.79
grad-p,0.2,43,39,94.15,71.11
grad-p,0.2,43,40,94.5,73.3
grad-p,0.2,43,41,94.55,73.61
grad-p,0.2,43,42,94.3,72.06
grad-p,0.2,43,43,94.7,74.4
grad-p,0.2,43,44,94.75,74.58
grad-p,0.2,43,45,93.95,69.37
grad-p,0.2,43,46,94.05,70.03
grad-p,0.2,43,47,94.1,70.35
grad-p,0.2,43,48,94.15,70.68
grad-p,0.2,43,49,94.2,71.0
grad-p,0.2,44,0,45.9,30.28
grad-p,0.2,44,1,27.65,25.45
grad-p,0.2,44,2,56.6,32.82
grad-p,0.2,44,3,71.05,35.02
grad-p,0.2,44,4,64.75,34.9
grad-p,0.2,44,5,72.2,39.83
grad-p,0.2,44,6,80.65,46.62
grad-p,0.2,44,7,81.25,43.44
grad-p,0.2,44,8,76.95,31.7
grad-p,0.2,44,9,80.4,34.88
grad-p,0.2,44,10,86.2,36.41
grad-p,0.2,44,11,84.8,39.44
grad-p,0.2,44,12,87.0,33.67
grad-p,0.2,44,13,88.15,35.07
grad-p,0.2,44,14,88.1,32.39
grad-p,0.2,44,15,87.65,49.28
grad-p,0.2,44,16,88.9,48.37
grad-p,0.2,44,17,90.1,50.5
grad-p,0.2,44,18,90.0,47.09
grad-p,0.2,44,19,89.7,41.81
grad-p,0.2,44,20,91.0,55.22
grad-p,0.2,44,21,91.15,56.51
grad-p,0.2,44,22,91.5,57.71
grad-p,0.2,44,23,91.5,56.41
grad-p,0.2,44,24,90.25,40.0
grad-p,0.2,44,25,90.65,46.11
grad-p,0.2,44,26,89.8,37.8
grad-p,0.2,44,27,90.05,39.51
grad-p,0.2,44,28,90.05,40.24
grad-p,0.2,44,29,89.95,36.99
grad-p,0.2,44,30,89.8,35.44
grad-p,0.2,44,31,89.6,32.9
grad-p,0.2,44,32,88.45,18.37
grad-p,0.2,44,33,88.5,19.01
grad-p,0.2,44,34,89.15,26.94
grad-p,0.2,44,35,88.65,20.91
grad-p,0.2,44,36,88.65,20.91
grad-p,0.2,44,37,88.75,22.15
grad-p,0.2,44,38,88.65,20.91
grad-p,0.2,44,39,88.8,22.76
grad-p,0.2,44,40,89.5,30.92
grad-p,0.2,44,41,89.55,31.48
grad-p,0.2,44,42,88.5,19.01
grad-p,0.2,44,43,88.65,20.91
grad-p,0.2,44,44,89.05,25.76
grad-p,0.2,44,45,90.0,36.31
grad-p,0.2,44,46,90.35,39.88
grad-p,0.2,44,47,90.0,36.31
grad-p,0.2,44,48,90.05,36.83
grad-p,0.2,44,49,89.9,35.26
grad-p,0.3,42,0,16.0,23.43
grad-p,0.3,42,1,14.4,22.04
grad-p,0.3,42,2,15.65,23.35
grad-p,0.3,42,3,23.95,24.81
grad-p,0.3,42,4,39.7,24.25
grad-p,0.3,42,5,51.05,27.1
grad-p,0.3,42,6,65.75,30.6
grad-p,0.3,42,7,68.65,32.36
grad-p,0.3,42,8,75.45,37.77
grad-p,0.3,42,9,85.4,46.52
grad-p,0.3,42,10,86.0,51.39
grad-p,0.3,42,11,90.85,57.93
grad-p,0.3,42,12,90.4,50.26
grad-p,0.3,42,13,86.65,49.91
grad-p,0.3,42,14,91.15,55.86
grad-p,0.3,42,15,91.4,55.67
grad-p,0.3,42,16,91.15,51.51
grad-p,0.3,42,17,91.15,50.7
grad-p,0.3,42,18,91.45,52.89
grad-p,0.3,42,19,91.7,54.4
grad-p,0.3,42,20,91.85,55.59
grad-p,0.3,42,21,91.6,53.33
grad-p,0.3,42,22,91.95,56.13
grad-p,0.3,42,23,91.45,52.1
grad-p,0.3,42,24,91.55,52.66
grad-p,0.3,42,25,91.25,50.42
grad-p,0.3,42,26,89.8,36.25
grad-p,0.3,42,27,89.95,37.77
grad-p,0.3,42,28,89.95,37.38
grad-p,0.3,42,29,90.2,40.24
grad-p,0.3,42,30,90.3,41.21
grad-p,0.3,42,31,90.75,45.43
grad-p,0.3,42,32,90.75,45.43
grad-p,0.3,42,33,90.9,46.47
grad-p,0.3,42,34,90.55,43.24
grad-p,0.3,42,35,90.75,45.1
grad-p,0.3,42,36,89.75,34.92
grad-p,0.3,42,37,90.6,43.71
grad-p,0.3,42,38,90.8,45.24
grad-p,0.3,42,39,90.1,38.12
grad-p,0.3,42,40,89.0,25.17
grad-p,0.3,42,41,89.15,26.94
grad-p,0.3,42,42,89.05,25.76
grad-p,0.3,42,43,89.25,28.09
grad-p,0.3,42,44,89.35,29.24
grad-p,0.3,42,45,89.6,32.03
grad-p,0.3,42,46,89.8,34.19
grad-p,0.3,42,47,89.85,34.73
grad-p,0.3,42,48,90.05,36.83
grad-p,0.3,42,49,90.35,39.88
grad-p,0.3,43,0,80.5,41.44
grad-p,0.3,43,1,45.35,29.98
grad-p,0.3,43,2,72.4,22.03
grad-p,0.3,43,3,77.1,19.65
grad-p,0.3,43,4,71.2,24.41
grad-p,0.3,43,5,63.0,23.87
grad-p,0.3,43,6,74.45,29.52
grad-p,0.3,43,7,79.6,33.98
grad-p,0.3,43,8,82.6,35.32
grad-p,0.3,43,9,84.05,36.07
grad-p,0.3,43,10,85.55,42.08
grad-p,0.3,43,11,86.8,41.59
grad-p,0.3,43,12,87.5,35.23
grad-p,0.3,43,13,88.15,36.12
grad-p,0.3,43,14,88.55,35.85
grad-p,0.3,43,15,88.85,38.23
grad-p,0.3,43,16,89.6,32.47
grad-p,0.3,43,17,89.7,33.55
grad-p,0.3,43,18,90.25,39.25
grad-p,0.3,43,19,89.9,35.67
grad-p,0.3,43,20,90.4,40.74
grad-p,0.3,43,21,87.9,11.03
grad-p,0.3,43,22,87.3,2.31
grad-p,0.3,43,23,87.4,3.82
grad-p,0.3,43,24,87.55,6.04
grad-p,0.3,43,25,87.95,11.72
grad-p,0.3,43,26,88.15,14.44
grad-p,0.3,43,27,88.2,15.11
grad-p,0.3,43,28,88.35,17.08
grad-p,0.3,43,29,88.55,19.65
grad-p,0.3,43,30,88.65,20.91
grad-p,0.3,43,31,89.2,27.52
grad-p,0.3,43,32,89.6,32.03
grad-p,0.3,43,33,88.15,14.44
grad-p,0.3,43,34,88.3,16.43
grad-p,0.3,43,35,88.5,19.01
grad-p,0.3,43,36,88.35,17.08
grad-p,0.3,43,37,87.8,9.63
grad-p,0.3,43,38,88.45,18.37
grad-p,0.3,43,39,88.55,19.65
grad-p,0.3,43,40,88.25,15.77
grad-p,0.3,43,41,88.35,17.08
grad-p,0.3,43,42,88.6,20.28
grad-p,0.3,43,43,88.75,22.15
grad-p,0.3,43,44,89.1,26.35
grad-p,0.3,43,45,89.3,28.67
grad-p,0.3,43,46,89.05,25.76
grad-p,0.3,43,47,88.25,15.77
grad-p,0.3,43,48,88.45,18.37
grad-p,0.3,43,49,88.55,19.65
grad-p,0.3,44,0,79.8,45.11
grad-p,0.3,44,1,70.85,31.81
grad-p,0.3,44,2,79.9,14.47
grad-p,0.3,44,3,71.6,21.55
grad-p,0.3,44,4,51.25,20.41
grad-p,0.3,44,5,59.9,28.14
grad-p,0.3,44,6,69.55,32.26
grad-p,0.3,44,7,76.2,25.39
grad-p,0.3,44,8,85.8,13.94
grad-p,0.3,44,9,86.15,14.24
grad-p,0.3,44,10,87.5,11.97
grad-p,0.3,44,11,87.6,8.15
grad-p,0.3,44,12,87.35,3.8
grad-p,0.3,44,13,87.35,3.07
grad-p,0.3,44,14,87.25,1.54
grad-p,0.3,44,15,87.75,8.92
grad-p,0.3,44,16,87.85,10.33
grad-p,0.3,44,17,88.1,13.77
grad-p,0.3,44,18,88.4,17.73
grad-p,0.3,44,19,90.85,44.71
grad-p,0.3,44,20,89.9,35.26
grad-p,0.3,44,21,90.15,40.48
grad-p,0.3,44,22,90.25,41.44
grad-p,0.3,44,23,90.55,43.58
grad-p,0.3,44,24,87.2,0.78
grad-p,0.3,44,25,87.45,4.56
grad-p,0.3,44,26,87.7,8.21
grad-p,0.3,44,27,88.95,24.57
grad-p,0.3,44,28,89.0,25.17
grad-p,0.3,44,29,90.3,39.38
grad-p,0.3,44,30,90.25,38.87
grad-p,0.3,44,31,90.15,37.85
grad-p,0.3,44,32,89.95,35.78
grad-p,0.3,44,33,89.45,30.36
grad-p,0.3,44,34,89.4,29.8
grad-p,0.3,44,35,90.55,41.85
grad-p,0.3,44,36,90.3,39.38
grad-p,0.3,44,37,91.1,47.95
grad-p,0.3,44,38,91.2,48.54
grad-p,0.3,44,39,90.0,36.31
grad-p,0.3,44,40,90.3,39.38
grad-p,0.3,44,41,90.6,42.33
grad-p,0.3,44,42,90.95,45.65
grad-p,0.3,44,43,91.1,47.02
grad-p,0.3,44,44,90.95,45.65
grad-p,0.3,44,45,91.2,47.93
grad-p,0.3,44,46,91.35,49.27
grad-p,0.3,44,47,91.55,51.01
grad-p,0.3,44,48,91.55,51.01
grad-p,0.3,44,49,91.7,52.3
spf,0.0,42,0,35.5,27.04
spf,0.0,42,1,49.0,31.17
spf,0.0,42,2,67.45,40.44
spf,0.0,42,3,85.1,56.3
spf,0.0,42,4,88.6,60.96
spf,0.0,42,5,90.1,63.47
spf,0.0,42,6,91.7,65.84
spf,0.0,42,7,92.1,64.09
spf,0.0,42,8,92.4,63.64
spf,0.0,42,9,92.65,63.88
spf,0.0,42,10,91.8,55.91
spf,0.0,42,11,91.4,50.57
spf,0.0,42,12,91.35,50.14
spf,0.0,42,13,90.5,42.07
spf,0.0,42,14,90.3,40.12
spf,0.0,42,15,90.35,40.62
spf,0.0,42,16,90.35,40.25
spf,0.0,42,17,90.45,41.23
spf,0.0,42,18,91.3,49.12
spf,0.0,42,19,91.65,52.42
spf,0.0,42,20,91.8,53.67
spf,0.0,42,21,91.75,52.99
spf,0.0,42,22,91.85,54.08
spf,0.0,42,23,91.85,53.82
spf,0.0,42,24,91.95,54.65
spf,0.0,42,25,92.05,55.71
spf,0.0,42,26,92.35,58.08
spf,0.0,42,27,92.4,58.47
spf,0.0,42,28,92.85,61.87
spf,0.0,42,29,93.05,63.32
spf,0.0,42,30,93.1,63.68
spf,0.0,42,31,93.25,64.75
spf,0.0,42,32,93.45,66.15
spf,0.0,42,33,93.65,67.52
spf,0.0,42,34,93.8,68.53
spf,0.0,42,35,93.8,68.53
spf,0.0,42,36,94.15,70.82
spf,0.0,42,37,94.3,71.78
spf,0.0,42,38,94.3,71.78
spf,0.0,42,39,94.4,72.41
spf,0.0,42,40,94.45,72.86
spf,0.0,42,41,94.4,72.55
spf,0.0,42,42,94.45,72.86
spf,0.0,42,43,94.6,73.79
spf,0.0,42,44,94.45,72.86
spf,0.0,42,45,94.6,73.79
spf,0.0,42,46,94.7,74.4
spf,0.0,42,47,94.7,74.4
spf,0.0,42,48,94.85,75.3
spf,0.0,42,49,94.9,75.6
spf,0.0,43,0,84.2,52.12
spf,0.0,43,1,87.1,57.84
spf,0.0,43,2,89.05,59.52
spf,0.0,43,3,90.1,60.24
spf,0.0,43,4,90.65,61.28
spf,0.0,43,5,91.7,63.27
spf,0.0,43,6,92.2,61.76
spf,0.0,43,7,92.35,61.07
spf,0.0,43,8,92.5,61.73
spf,0.0,43,9,92.2,58.29
spf,0.0,43,10,92.3,58.6
spf,0.0,43,11,91.95,55.15
spf,0.0,43,12,91.85,54.34
spf,0.0,43,13,91.8,53.67
spf,0.0,43,14,91.75,53.26
spf,0.0,43,15,91.85,54.08
spf,0.0,43,16,91.5,51.15
spf,0.0,43,17,91.4,50.29
spf,0.0,43,18,91.45,50.72
spf,0.0,43,19,91.45,50.43
spf,0.0,43,20,91.5,50.87
spf,0.0,43,21,91.55,51.3
spf,0.0,43,22,91.8,53.41
spf,0.0,43,23,91.85,53.56
spf,0.0,43,24,91.9,53.98
spf,0.0,43,25,91.85,53.56
spf,0.0,43,26,91.7,52.3
spf,0.0,43,27,91.85,53.56
spf,0.0,43,28,91.9,53.98
spf,0.0,43,29,92.1,55.62
spf,0.0,43,30,92.2,56.42
spf,0.0,43,31,92.3,57.22
spf,0.0,43,32,92.6,59.56
spf,0.0,43,33,92.8,61.08
spf,0.0,43,34,92.75,60.7
spf,0.0,43,35,93.0,62.57
spf,0.0,43,36,92.95,62.2
spf,0.0,43,37,93.2,64.02
spf,0.0,43,38,93.15,63.66
spf,0.0,43,39,93.15,63.66
spf,0.0,43,40,93.15,63.66
spf,0.0,43,41,93.35,65.09
spf,0.0,43,42,93.4,65.45
spf,0.0,43,43,93.55,66.49
spf,0.0,43,44,93.6,66.84
spf,0.0,43,45,93.65,67.18
spf,0.0,43,46,93.8,68.21
spf,0.0,43,47,93.8,68.21
spf,0.0,43,48,93.85,68.54
spf,0.0,43,49,93.95,69.21
spf,0.0,44,0,20.7,24.4
spf,0.0,44,1,34.15,27.6
spf,0.0,44,2,47.6,31.68
spf,0.0,44,3,59.2,36.55
spf,0.0,44,4,70.5,42.72
spf,0.0,44,5,78.05,47.8
spf,0.0,44,6,83.55,53.99
spf,0.0,44,7,87.4,59.22
spf,0.0,44,8,90.3,64.47
spf,0.0,44,9,92.0,66.94
spf,0.0,44,10,93.4,69.86
spf,0.0,44,11,93.65,70.26
spf,0.0,44,12,93.75,69.88
spf,0.0,44,13,93.8,69.31
spf,0.0,44,14,93.2,64.4
spf,0.0,44,15,92.95,62.4
spf,0.0,44,16,92.5,59.02
spf,0.0,44,17,92.25,57.06
spf,0.0,44,18,92.2,56.42
spf,0.0,44,19,92.35,57.85
spf,0.0,44,20,92.4,58.24
spf,0.0,44,21,92.45,58.63
spf,0.0,44,22,92.5,58.79
spf,0.0,44,23,92.45,58.4
spf,0.0,44,24,91.8,53.14
spf,0.0,44,25,91.8,53.14
spf,0.0,44,26,91.85,53.56
spf,0.0,44,27,92.4,58.01
spf,0.0,44,28,92.35,57.62
spf,0.0,44,29,92.35,57.62
spf,0.0,44,30,92.1,55.62
spf,0.0,44,31,91.9,53.98
spf,0.0,44,32,92.0,54.8
spf,0.0,44,33,91.85,53.56
spf,0.0,44,34,91.85,53.56
spf,0.0,44,35,91.75,52.72
spf,0.0,44,36,91.65,51.87
spf,0.0,44,37,91.8,53.14
spf,0.0,44,38,91.85,53.56
spf,0.0,44,39,92.0,54.8
spf,0.0,44,40,92.25,56.82
spf,0.0,44,41,92.5,58.79
spf,0.0,44,42,92.8,61.08
spf,0.0,44,43,93.0,62.57
spf,0.0,44,44,93.15,63.66
spf,0.0,44,45,93.35,65.09
spf,0.0,44,46,93.5,66.15
spf,0.0,44,47,93.55,66.49
spf,0.0,44,48,93.6,66.84
spf,0.0,44,49,93.55,66.49
spf,0.1,42,0,35.5,27.04
spf,0.1,42,1,50.1,31.64
spf,0.1,42,2,67.95,40.59
spf,0.1,42,3,85.3,56.51
spf,0.1,42,4,88.5,61.28
spf,0.1,42,5,90.4,63.36
spf,0.1,42,6,91.85,64.95
spf,0.1,42,7,91.95,60.83
spf,0.1,42,8,92.2,61.0
spf,0.1,42,9,91.85,57.22
spf,0.1,42,10,90.95,46.61
spf,0.1,42,11,90.55,42.9
spf,0.1,42,12,90.55,42.55
spf,0.1,42,13,90.0,37.11
spf,0.1,42,14,89.9,35.67
spf,0.1,42,15,90.25,38.87
spf,0.1,42,16,90.25,38.87
spf,0.1,42,17,90.4,40.37
spf,0.1,42,18,90.65,42.81
spf,0.1,42,19,91.3,48.82
spf,0.1,42,20,91.7,52.57
spf,0.1,42,21,91.7,52.3
spf,0.1,42,22,91.85,53.82
spf,0.1,42,23,91.85,53.82
spf,0.1,42,24,92.05,55.46
spf,0.1,42,25,92.15,56.27
spf,0.1,42,26,92.4,58.47
spf,0.1,42,27,92.55,59.62
spf,0.1,42,28,93.0,62.96
spf,0.1,42,29,93.15,64.04
spf,0.1,42,30,93.2,64.4
spf,0.1,42,31,93.25,64.75
spf,0.1,42,32,93.45,66.15
spf,0.1,42,33,93.8,68.53
spf,0.1,42,34,93.75,68.19
spf,0.1,42,35,93.85,68.86
spf,0.1,42,36,94.0,69.85
spf,0.1,42,37,94.2,71.14
spf,0.1,42,38,94.35,72.1
spf,0.1,42,39,94.4,72.41
spf,0.1,42,40,94.75,74.58
spf,0.1,42,41,94.85,75.18
spf,0.1,42,42,94.8,74.88
spf,0.1,42,43,94.7,74.4
spf,0.1,42,44,94.7,74.4
spf,0.1,42,45,94.85,75.3
spf,0.1,42,46,95.05,76.48
spf,0.1,42,47,95.0,76.19
spf,0.1,42,48,95.1,76.78
spf,0.1,42,49,95.1,76.78
spf,0.1,43,0,84.3,52.85
spf,0.1,43,1,86.85,57.51
spf,0.1,43,2,88.8,60.7
spf,0.1,43,3,90.4,61.75
spf,0.1,43,4,90.8,62.14
spf,0.1,43,5,91.95,64.77
spf,0.1,43,6,92.1,61.27
spf,0.1,43,7,92.3,61.11
spf,0.1,43,8,92.5,62.31
spf,0.1,43,9,91.9,55.98
spf,0.1,43,10,92.0,55.8
spf,0.1,43,11,91.75,53.52
spf,0.1,43,12,91.6,52.27
spf,0.1,43,13,91.3,49.42
spf,0.1,43,14,91.55,51.58
spf,0.1,43,15,91.75,53.26
spf,0.1,43,16,91.45,50.72
spf,0.1,43,17,91.35,49.86
spf,0.1,43,18,91.4,50.29
spf,0.1,43,19,91.4,50.0
spf,0.1,43,20,91.4,50.0
spf,0.1,43,21,91.55,51.01
spf,0.1,43,22,91.7,52.3
spf,0.1,43,23,91.65,51.87
spf,0.1,43,24,91.65,51.87
spf,0.1,43,25,91.55,51.01
spf,0.1,43,26,91.55,51.01
spf,0.1,43,27,91.6,51.45
spf,0.1,43,28,91.6,51.45
spf,0.1,43,29,91.65,51.87
spf,0.1,43,30,91.65,51.87
spf,0.1,43,31,91.85,53.56
spf,0.1,43,32,92.1,55.62
spf,0.1,43,33,92.25,56.82
spf,0.1,43,34,92.3,57.22
spf,0.1,43,35,92.5,58.79
spf,0.1,43,36,92.2,56.42
spf,0.1,43,37,92.5,58.79
spf,0.1,43,38,92.45,58.4
spf,0.1,43,39,92.45,58.4
spf,0.1,43,40,92.6,59.56
spf,0.1,43,41,92.8,61.08
spf,0.1,43,42,92.85,61.46
spf,0.1,43,43,93.2,64.02
spf,0.1,43,44,93.4,65.45
spf,0.1,43,45,93.5,66.15
spf,0.1,43,46,93.65,67.18
spf,0.1,43,47,93.7,67.53
spf,0.1,43,48,93.8,68.21
spf,0.1,43,49,93.85,68.54
spf,0.1,44,0,20.7,24.4
spf,0.1,44,1,33.95,27.46
spf,0.1,44,2,45.8,31.22
spf,0.1,44,3,55.2,34.88
spf,0.1,44,4,67.55,41.48
spf,0.1,44,5,74.15,46.09
spf,0.1,44,6,80.05,50.06
spf,0.1,44,7,85.5,56.97
spf,0.1,44,8,88.6,61.22
spf,0.1,44,9,91.2,65.76
spf,0.1,44,10,92.45,68.08
spf,0.1,44,11,93.3,70.61
spf,0.1,44,12,93.75,71.26
spf,0.1,44,13,93.65,68.17
spf,0.1,44,14,93.25,64.75
spf,0.1,44,15,92.8,61.29
spf,0.1,44,16,92.35,57.85
spf,0.1,44,17,92.2,56.67
spf,0.1,44,18,92.2,56.67
spf,0.1,44,19,92.3,57.46
spf,0.1,44,20,92.4,58.01
spf,0.1,44,21,92.5,58.79
spf,0.1,44,22,92.45,58.4
spf,0.1,44,23,92.65,59.95
spf,0.1,44,24,92.65,59.95
spf,0.1,44,25,92.65,59.95
spf,0.1,44,26,92.6,59.56
spf,0.1,44,27,92.8,61.08
spf,0.1,44,28,92.8,61.08
spf,0.1,44,29,92.95,62.2
spf,0.1,44,30,92.6,59.56
spf,0.1,44,31,92.5,58.79
spf,0.1,44,32,92.2,56.42
spf,0.1,44,33,92.5,58.79
spf,0.1,44,34,92.45,58.4
spf,0.1,44,35,92.45,58.4
spf,0.1,44,36,92.4,58.01
spf,0.1,44,37,91.9,53.98
spf,0.1,44,38,91.95,54.39
spf,0.1,44,39,92.0,54.8
spf,0.1,44,40,92.5,58.79
spf,0.1,44,41,92.45,58.4
spf,0.1,44,42,92.85,61.46
spf,0.1,44,43,93.05,62.93
spf,0.1,44,44,93.0,62.57
spf,0.1,44,45,93.3,64.74
spf,0.1,44,46,93.4,65.45
spf,0.1,44,47,93.4,65.45
spf,0.1,44,48,93.5,66.15
spf,0.1,44,49,93.5,66.15
spf,0.2,42,0,35.7,27.01
spf,0.2,42,1,48.85,31.48
spf,0.2,42,2,66.45,39.71
spf,0.2,42,3,83.75,54.16
spf,0.2,42,4,87.75,59.9
spf,0.2,42,5,90.25,63.82
spf,0.2,42,6,91.95,67.21
spf,0.2,42,7,91.9,61.06
spf,0.2,42,8,92.6,64.25
spf,0.2,42,9,92.5,62.5
spf,0.2,42,10,91.75,54.29
spf,0.2,42,11,91.0,47.06
spf,0.2,42,12,90.9,46.15
spf,0.2,42,13,90.3,40.12
spf,0.2,42,14,90.2,39.13
spf,0.2,42,15,90.3,39.75
spf,0.2,42,16,90.2,38.36
spf,0.2,42,17,90.1,37.34
spf,0.2,42,18,90.3,39.38
spf,0.2,42,19,90.7,43.29
spf,0.2,42,20,91.2,47.93
spf,0.2,42,21,91.15,47.48
spf,0.2,42,22,91.5,50.58
spf,0.2,42,23,91.75,52.72
spf,0.2,42,24,91.9,53.98
spf,0.2,42,25,92.0,54.8
spf,0.2,42,26,92.05,55.21
spf,0.2,42,27,92.15,56.02
spf,0.2,42,28,92.55,59.62
spf,0.2,42,29,92.55,59.62
spf,0.2,42,30,92.6,60.0
spf,0.2,42,31,92.55,59.62
spf,0.2,42,32,93.05,63.32
spf,0.2,42,33,93.15,64.04
spf,0.2,42,34,93.2,64.4
spf,0.2,42,35,93.2,64.4
spf,0.2,42,36,93.55,66.84
spf,0.2,42,37,94.0,69.85
spf,0.2,42,38,94.15,70.82
spf,0.2,42,39,94.2,71.14
spf,0.2,42,40,94.25,71.46
spf,0.2,42,41,94.35,72.1
spf,0.2,42,42,94.35,72.1
spf,0.2,42,43,94.55,73.35
spf,0.2,42,44,94.6,73.66
spf,0.2,42,45,94.7,74.27
spf,0.2,42,46,94.65,74.09
spf,0.2,42,47,94.65,74.09
spf,0.2,42,48,94.65,74.09
spf,0.2,42,49,94.75,74.7
spf,0.2,43,0,84.35,52.79
spf,0.2,43,1,87.05,54.8
spf,0.2,43,2,89.0,58.49
spf,0.2,43,3,90.1,58.92
spf,0.2,43,4,90.95,60.22
spf,0.2,43,5,91.7,61.21
spf,0.2,43,6,92.1,60.5
spf,0.2,43,7,92.65,63.34
spf,0.2,43,8,92.75,63.66
spf,0.2,43,9,92.2,58.51
spf,0.2,43,10,92.25,58.22
spf,0.2,43,11,91.8,53.93
spf,0.2,43,12,91.6,52.27
spf,0.2,43,13,91.55,51.58
spf,0.2,43,14,91.75,53.26
spf,0.2,43,15,91.95,54.9
spf,0.2,43,16,91.6,52.0
spf,0.2,43,17,91.55,51.58
spf,0.2,43,18,91.7,52.84
spf,0.2,43,19,91.5,50.87
spf,0.2,43,20,91.5,50.58
spf,0.2,43,21,91.25,48.38
spf,0.2,43,22,91.45,50.15
spf,0.2,43,23,91.45,50.15
spf,0.2,43,24,91.55,51.01
spf,0.2,43,25,91.5,50.58
spf,0.2,43,26,91.5,50.58
spf,0.2,43,27,91.7,52.3
spf,0.2,43,28,91.9,53.98
spf,0.2,43,29,92.2,56.42
spf,0.2,43,30,92.5,58.79
spf,0.2,43,31,92.8,61.08
spf,0.2,43,32,93.1,63.3
spf,0.2,43,33,93.2,64.02
spf,0.2,43,34,92.9,61.83
spf,0.2,43,35,93.35,65.09
spf,0.2,43,36,93.35,65.09
spf,0.2,43,37,93.4,65.45
spf,0.2,43,38,93.4,65.45
spf,0.2,43,39,93.35,65.09
spf,0.2,43,40,93.4,65.45
spf,0.2,43,41,93.55,66.49
spf,0.2,43,42,93.55,66.49
spf,0.2,43,43,93.6,66.84
spf,0.2,43,44,93.65,67.18
spf,0.2,43,45,93.85,68.54
spf,0.2,43,46,93.95,69.21
spf,0.2,43,47,93.9,68.88
spf,0.2,43,48,93.95,69.21
spf,0.2,43,49,94.05,69.87
spf,0.2,44,0,22.75,24.82
spf,0.2,44,1,34.95,27.68
spf,0.2,44,2,46.5,31.32
spf,0.2,44,3,56.25,35.42
spf,0.2,44,4,68.4,42.02
spf,0.2,44,5,76.65,47.7
spf,0.2,44,6,82.6,52.72
spf,0.2,44,7,87.25,58.94
spf,0.2,44,8,89.3,62.06
spf,0.2,44,9,91.75,66.8
spf,0.2,44,10,93.05,69.32
spf,0.2,44,11,93.55,69.93
spf,0.2,44,12,93.7,68.97
spf,0.2,44,13,93.45,66.5
spf,0.2,44,14,92.25,57.06
spf,0.2,44,15,91.95,54.39
spf,0.2,44,16,91.25,48.38
spf,0.2,44,17,91.8,53.14
spf,0.2,44,18,91.85,53.56
spf,0.2,44,19,92.05,55.21
spf,0.2,44,20,92.15,56.02
spf,0.2,44,21,92.35,57.62
spf,0.2,44,22,92.4,58.01
spf,0.2,44,23,92.45,58.4
spf,0.2,44,24,92.85,61.46
spf,0.2,44,25,92.85,61.46
spf,0.2,44,26,92.65,59.95
spf,0.2,44,27,92.95,62.2
spf,0.2,44,28,93.0,62.57
spf,0.2,44,29,93.0,62.57
spf,0.2,44,30,92.45,58.4
spf,0.2,44,31,92.05,55.21
spf,0.2,44,32,92.35,57.62
spf,0.2,44,33,92.55,59.18
spf,0.2,44,34,92.55,59.18
spf,0.2,44,35,92.6,59.56
spf,0.2,44,36,92.4,58.01
spf,0.2,44,37,91.9,53.98
spf,0.2,44,38,91.9,53.98
spf,0.2,44,39,92.05,55.21
spf,0.2,44,40,92.2,56.42
spf,0.2,44,41,92.3,57.22
spf,0.2,44,42,93.05,62.93
spf,0.2,44,43,93.3,64.74
spf,0.2,44,44,93.1,63.3
spf,0.2,44,45,93.25,64.38
spf,0.2,44,46,93.35,65.09
spf,0.2,44,47,93.5,66.15
spf,0.2,44,48,93.2,64.02
spf,0.2,44,49,93.2,64.02
spf,0.3,42,0,34.8,27.39
spf,0.3,42,1,45.5,30.48
spf,0.3,42,2,62.15,37.8
spf,0.3,42,3,76.1,47.93
spf,0.3,42,4,81.45,54.37
spf,0.3,42,5,86.45,61.34
spf,0.3,42,6,89.5,66.67
spf,0.3,42,7,92.4,67.66
spf,0.3,42,8,92.8,69.75
spf,0.3,42,9,93.05,69.04
spf,0.3,42,10,92.6,63.37
spf,0.3,42,11,92.15,58.36
spf,0.3,42,12,91.7,53.37
spf,0.3,42,13,90.65,43.84
spf,0.3,42,14,90.4,41.1
spf,0.3,42,15,90.4,40.74
spf,0.3,42,16,90.35,39.88
spf,0.3,42,17,90.85,44.71
spf,0.3,42,18,91.2,48.24
spf,0.3,42,19,91.7,52.84
spf,0.3,42,20,91.85,54.08
spf,0.3,42,21,91.85,54.08
spf,0.3,42,22,92.1,56.11
spf,0.3,42,23,92.15,56.51
spf,0.3,42,24,92.25,57.3
spf,0.3,42,25,92.5,59.24
spf,0.3,42,26,92.25,57.3
spf,0.3,42,27,92.45,58.86
spf,0.3,42,28,92.85,61.87
spf,0.3,42,29,92.9,62.23
spf,0.3,42,30,93.05,63.32
spf,0.3,42,31,93.05,63.32
spf,0.3,42,32,93.4,65.8
spf,0.3,42,33,93.55,66.84
spf,0.3,42,34,93.55,66.84
spf,0.3,42,35,93.45,66.15
spf,0.3,42,36,93.95,69.52
spf,0.3,42,37,94.35,72.1
spf,0.3,42,38,94.3,71.78
spf,0.3,42,39,94.6,73.66
spf,0.3,42,40,94.65,73.97
spf,0.3,42,41,94.65,73.97
spf,0.3,42,42,94.65,74.09
spf,0.3,42,43,94.7,74.4
spf,0.3,42,44,94.8,75.0
spf,0.3,42,45,94.7,74.4
spf,0.3,42,46,94.7,74.4
spf,0.3,42,47,94.55,73.48
spf,0.3,42,48,94.75,74.7
spf,0.3,42,49,94.8,75.0
spf,0.3,43,0,83.65,51.84
spf,0.3,43,1,86.95,57.42
spf,0.3,43,2,88.7,60.35
spf,0.3,43,3,89.9,58.94
spf,0.3,43,4,90.7,60.59
spf,0.3,43,5,91.65,61.43
spf,0.3,43,6,92.0,60.78
spf,0.3,43,7,92.35,61.85
spf,0.3,43,8,92.45,61.77
spf,0.3,43,9,92.45,60.57
spf,0.3,43,10,92.7,62.37
spf,0.3,43,11,92.55,61.1
spf,0.3,43,12,92.45,59.3
spf,0.3,43,13,91.85,54.34
spf,0.3,43,14,91.95,55.15
spf,0.3,43,15,92.3,57.92
spf,0.3,43,16,91.9,54.49
spf,0.3,43,17,91.75,53.26
spf,0.3,43,18,91.65,52.42
spf,0.3,43,19,91.45,50.72
spf,0.3,43,20,91.5,50.58
spf,0.3,43,21,91.45,50.15
spf,0.3,43,22,91.5,50.58
spf,0.3,43,23,91.5,50.58
spf,0.3,43,24,91.65,51.87
spf,0.3,43,25,91.6,51.45
spf,0.3,43,26,91.4,49.71
spf,0.3,43,27,91.5,50.58
spf,0.3,43,28,91.55,51.01
spf,0.3,43,29,91.75,52.72
spf,0.3,43,30,91.85,53.56
spf,0.3,43,31,92.0,54.8
spf,0.3,43,32,92.2,56.42
spf,0.3,43,33,92.3,57.22
spf,0.3,43,34,92.05,55.21
spf,0.3,43,35,92.45,58.4
spf,0.3,43,36,92.25,56.82
spf,0.3,43,37,92.4,58.01
spf,0.3,43,38,92.45,58.4
spf,0.3,43,39,92.35,57.62
spf,0.3,43,40,92.55,59.18
spf,0.3,43,41,92.85,61.46
spf,0.3,43,42,93.05,62.93
spf,0.3,43,43,93.15,63.66
spf,0.3,43,44,93.35,65.09
spf,0.3,43,45,93.75,67.87
spf,0.3,43,46,93.9,68.88
spf,0.3,43,47,93.9,68.88
spf,0.3,43,48,93.9,68.88
spf,0.3,43,49,93.9,68.88
spf,0.3,44,0,22.1,24.66
spf,0.3,44,1,35.65,27.9
spf,0.3,44,2,46.2,31.29
spf,0.3,44,3,55.25,35.19
spf,0.3,44,4,69.0,41.95
spf,0.3,44,5,76.7,47.29
spf,0.3,44,6,82.25,52.22
spf,0.3,44,7,87.25,58.54
spf,0.3,44,8,89.3,62.19
spf,0.3,44,9,91.5,65.86
spf,0.3,44,10,92.65,68.66
spf,0.3,44,11,93.3,69.82
spf,0.3,44,12,93.35,67.16
spf,0.3,44,13,93.3,65.82
spf,0.3,44,14,92.35,57.85
spf,0.3,44,15,92.0,54.8
spf,0.3,44,16,91.75,52.72
spf,0.3,44,17,91.85,53.56
spf,0.3,44,18,92.0,54.8
spf,0.3,44,19,92.25,57.06
spf,0.3,44,20,92.55,59.4
spf,0.3,44,21,92.6,59.78
spf,0.3,44,22,92.35,57.62
spf,0.3,44,23,92.4,58.01
spf,0.3,44,24,92.65,59.95
spf,0.3,44,25,92.2,56.42
spf,0.3,44,26,92.2,56.42
spf,0.3,44,27,92.5,58.79
spf,0.3,44,28,92.55,59.18
spf,0.3,44,29,92.75,60.7
spf,0.3,44,30,92.45,58.4
spf,0.3,44,31,91.95,54.39
spf,0.3,44,32,92.35,57.62
spf,0.3,44,33,92.45,58.4
spf,0.3,44,34,92.5,58.79
spf,0.3,44,35,92.5,58.79
spf,0.3,44,36,92.6,59.56
spf,0.3,44,37,92.2,56.42
spf,0.3,44,38,92.1,55.62
spf,0.3,44,39,92.25,56.82
spf,0.3,44,40,92.35,57.62
spf,0.3,44,41,92.5,58.79
spf,0.3,44,42,93.1,63.3
spf,0.3,44,43,93.5,66.15
spf,0.3,44,44,93.25,64.38
spf,0.3,44,45,93.45,65.8
spf,0.3,44,46,93.3,64.74
spf,0.3,44,47,93.25,64.38
spf,0.3,44,48,93.25,64.38
spf,0.3,44,49,93.2,64.02
lfp,0.0,42,0,35.15,27.18
lfp,0.0,42,1,46.95,30.43
lfp,0.0,42,2,65.35,38.83
lfp,0.0,42,3,82.1,52.52
lfp,0.0,42,4,87.55,60.54
lfp,0.0,42,5,89.35,62.96
lfp,0.0,42,6,90.65,64.52
lfp,0.0,42,7,92.05,65.66
lfp,0.0,42,8,92.3,65.47
lfp,0.0,42,9,92.45,64.47
lfp,0.0,42,10,92.05,59.34
lfp,0.0,42,11,91.5,52.51
lfp,0.0,42,12,91.65,53.48
lfp,0.0,42,13,91.3,49.71
lfp,0.0,42,14,90.9,46.15
lfp,0.0,42,15,91.25,49.28
lfp,0.0,42,16,90.75,44.78
lfp,0.0,42,17,90.95,46.29
lfp,0.0,42,18,91.4,50.29
lfp,0.0,42,19,91.85,54.08
lfp,0.0,42,20,91.9,54.49
lfp,0.0,42,21,91.85,54.08
lfp,0.0,42,22,91.9,54.49
lfp,0.0,42,23,91.9,54.49
lfp,0.0,42,24,92.05,55.71
lfp,0.0,42,25,92.15,56.51
lfp,0.0,42,26,92.25,57.3
lfp,0.0,42,27,92.35,58.08
lfp,0.0,42,28,92.9,62.23
lfp,0.0,42,29,92.85,61.87
lfp,0.0,42,30,93.0,62.96
lfp,0.0,42,31,93.1,63.68
lfp,0.0,42,32,93.65,67.52
lfp,0.0,42,33,93.7,67.86
lfp,0.0,42,34,93.75,68.19
lfp,0.0,42,35,93.7,67.86
lfp,0.0,42,36,93.9,69.19
lfp,0.0,42,37,94.1,70.65
lfp,0.0,42,38,94.1,70.65
lfp,0.0,42,39,94.15,70.97
lfp,0.0,42,40,94.4,72.55
lfp,0.0,42,41,94.4,72.55
lfp,0.0,42,42,94.35,72.24
lfp,0.0,42,43,94.45,72.86
lfp,0.0,42,44,94.3,71.92
lfp,0.0,42,45,94.45,72.86
lfp,0.0,42,46,94.45,72.86
lfp,0.0,42,47,94.5,73.17
lfp,0.0,42,48,94.55,73.48
lfp,0.0,42,49,94.55,73.48
lfp,0.0,43,0,84.2,52.55
lfp,0.0,43,1,86.75,57.6
lfp,0.0,43,2,88.85,61.35
lfp,0.0,43,3,90.3,64.07
lfp,0.0,43,4,91.05,66.03
lfp,0.0,43,5,91.4,64.9
lfp,0.0,43,6,92.5,66.06
lfp,0.0,43,7,92.8,65.71
lfp,0.0,43,8,92.65,64.06
lfp,0.0,43,9,92.8,63.08
lfp,0.0,43,10,92.65,61.62
lfp,0.0,43,11,92.45,59.52
lfp,0.0,43,12,92.35,58.54
lfp,0.0,43,13,92.45,59.08
lfp,0.0,43,14,92.4,58.7
lfp,0.0,43,15,92.6,60.22
lfp,0.0,43,16,92.4,58.7
lfp,0.0,43,17,92.3,57.69
lfp,0.0,43,18,92.8,61.5
lfp,0.0,43,19,92.45,58.86
lfp,0.0,43,20,92.8,61.5
lfp,0.0,43,21,92.9,62.23
lfp,0.0,43,22,92.9,62.23
lfp,0.0,43,23,92.6,59.78
lfp,0.0,43,24,92.65,59.95
lfp,0.0,43,25,92.85,61.66
lfp,0.0,43,26,92.75,60.7
lfp,0.0,43,27,92.65,59.95
lfp,0.0,43,28,92.6,59.56
lfp,0.0,43,29,92.7,60.33
lfp,0.0,43,30,92.85,61.46
lfp,0.0,43,31,93.35,65.09
lfp,0.0,43,32,93.3,64.92
lfp,0.0,43,33,93.45,65.97
lfp,0.0,43,34,93.45,65.8
lfp,0.0,43,35,93.6,67.01
lfp,0.0,43,36,93.7,67.53
lfp,0.0,43,37,93.8,68.37
lfp,0.0,43,38,93.9,68.88
lfp,0.0,43,39,93.85,68.7
lfp,0.0,43,40,93.9,69.04
lfp,0.0,43,41,94.05,70.03
lfp,0.0,43,42,93.95,69.21
lfp,0.0,43,43,94.05,70.03
lfp,0.0,43,44,94.1,70.2
lfp,0.0,43,45,94.45,72.59
lfp,0.0,43,46,94.45,72.59
lfp,0.0,43,47,94.45,72.59
lfp,0.0,43,48,94.45,72.59
lfp,0.0,43,49,94.6,73.53
lfp,0.0,44,0,20.15,24.28
lfp,0.0,44,1,32.5,27.18
lfp,0.0,44,2,44.45,30.78
lfp,0.0,44,3,56.15,35.28
lfp,0.0,44,4,67.55,40.51
lfp,0.0,44,5,77.3,46.21
lfp,0.0,44,6,82.4,51.52
lfp,0.0,44,7,86.15,55.96
lfp,0.0,44,8,89.6,61.76
lfp,0.0,44,9,91.25,63.77
lfp,0.0,44,10,92.65,66.51
lfp,0.0,44,11,92.9,67.28
lfp,0.0,44,12,92.95,65.69
lfp,0.0,44,13,93.4,66.67
lfp,0.0,44,14,93.1,63.87
lfp,0.0,44,15,92.5,59.02
lfp,0.0,44,16,92.4,58.01
lfp,0.0,44,17,92.05,55.21
lfp,0.0,44,18,92.05,55.21
lfp,0.0,44,19,92.4,58.01
lfp,0.0,44,20,92.4,58.01
lfp,0.0,44,21,92.45,58.4
lfp,0.0,44,22,92.4,58.01
lfp,0.0,44,23,92.3,57.22
lfp,0.0,44,24,91.5,50.58
lfp,0.0,44,25,91.65,51.87
lfp,0.0,44,26,91.8,53.14
lfp,0.0,44,27,92.1,55.62
lfp,0.0,44,28,92.25,56.82
lfp,0.0,44,29,92.4,58.01
lfp,0.0,44,30,92.25,56.82
lfp,0.0,44,31,91.85,53.56
lfp,0.0,44,32,92.15,56.02
lfp,0.0,44,33,92.0,54.8
lfp,0.0,44,34,92.0,54.8
lfp,0.0,44,35,92.0,54.8
lfp,0.0,44,36,91.9,53.98
lfp,0.0,44,37,92.0,54.8
lfp,0.0,44,38,91.8,53.14
lfp,0.0,44,39,92.15,56.02
lfp,0.0,44,40,92.45,58.4
lfp,0.0,44,41,92.8,61.08
lfp,0.0,44,42,93.05,62.93
lfp,0.0,44,43,93.25,64.38
lfp,0.0,44,44,93.3,64.74
lfp,0.0,44,45,93.7,67.53
lfp,0.0,44,46,93.7,67.53
lfp,0.0,44,47,93.55,66.49
lfp,0.0,44,48,93.65,67.18
lfp,0.0,44,49,93.55,66.49
lfp,0.1,42,0,35.15,27.18
lfp,0.1,42,1,47.5,30.65
lfp,0.1,42,2,65.55,38.76
lfp,0.1,42,3,81.9,51.34
lfp,0.1,42,4,87.25,59.07
lfp,0.1,42,5,89.65,62.16
lfp,0.1,42,6,91.3,63.29
lfp,0.1,42,7,91.7,61.4
lfp,0.1,42,8,91.8,59.2
lfp,0.1,42,9,91.55,55.87
lfp,0.1,42,10,90.8,46.2
lfp,0.1,42,11,90.7,44.97
lfp,0.1,42,12,90.65,43.84
lfp,0.1,42,13,90.3,40.12
lfp,0.1,42,14,90.05,37.62
lfp,0.1,42,15,90.05,37.22
lfp,0.1,42,16,90.15,37.85
lfp,0.1,42,17,90.3,39.38
lfp,0.1,42,18,90.5,41.36
lfp,0.1,42,19,90.8,44.24
lfp,0.1,42,20,91.4,50.29
lfp,0.1,42,21,90.75,43.77
lfp,0.1,42,22,91.3,48.82
lfp,0.1,42,23,91.4,49.71
lfp,0.1,42,24,91.7,52.3
lfp,0.1,42,25,91.7,52.57
lfp,0.1,42,26,91.85,54.08
lfp,0.1,42,27,91.9,54.49
lfp,0.1,42,28,92.35,58.08
lfp,0.1,42,29,92.45,58.86
lfp,0.1,42,30,92.6,60.0
lfp,0.1,42,31,92.65,60.38
lfp,0.1,42,32,93.0,62.96
lfp,0.1,42,33,93.25,64.75
lfp,0.1,42,34,93.25,64.75
lfp,0.1,42,35,93.35,65.45
lfp,0.1,42,36,93.7,67.86
lfp,0.1,42,37,93.85,69.02
lfp,0.1,42,38,94.1,70.65
lfp,0.1,42,39,94.25,71.6
lfp,0.1,42,40,94.4,72.55
lfp,0.1,42,41,94.55,73.48
lfp,0.1,42,42,94.5,73.17
lfp,0.1,42,43,94.5,73.17
lfp,0.1,42,44,94.5,73.17
lfp,0.1,42,45,94.5,73.17
lfp,0.1,42,46,94.5,73.17
lfp,0.1,42,47,94.45,72.86
lfp,0.1,42,48,94.45,72.86
lfp,0.1,42,49,94.5,73.17
lfp,0.1,43,0,84.15,52.76
lfp,0.1,43,1,86.25,56.83
lfp,0.1,43,2,87.8,60.26
lfp,0.1,43,3,89.7,63.35
lfp,0.1,43,4,90.55,65.95
lfp,0.1,43,5,91.35,66.28
lfp,0.1,43,6,92.65,67.83
lfp,0.1,43,7,92.8,67.12
lfp,0.1,43,8,93.2,68.08
lfp,0.1,43,9,92.9,65.02
lfp,0.1,43,10,93.1,65.33
lfp,0.1,43,11,93.05,64.63
lfp,0.1,43,12,93.0,63.92
lfp,0.1,43,13,92.9,62.83
lfp,0.1,43,14,92.9,62.83
lfp,0.1,43,15,93.0,63.54
lfp,0.1,43,16,93.05,63.71
lfp,0.1,43,17,93.1,63.87
lfp,0.1,43,18,93.15,64.23
lfp,0.1,43,19,93.0,63.16
lfp,0.1,43,20,93.45,66.32
lfp,0.1,43,21,93.1,63.68
lfp,0.1,43,22,93.2,64.4
lfp,0.1,43,23,92.9,62.23
lfp,0.1,43,24,92.65,60.38
lfp,0.1,43,25,92.75,60.92
lfp,0.1,43,26,92.8,61.08
lfp,0.1,43,27,92.85,61.46
lfp,0.1,43,28,92.95,62.2
lfp,0.1,43,29,93.1,63.49
lfp,0.1,43,30,93.1,63.3
lfp,0.1,43,31,93.35,65.09
lfp,0.1,43,32,93.3,64.92
lfp,0.1,43,33,93.45,65.97
lfp,0.1,43,34,93.45,65.8
lfp,0.1,43,35,93.4,65.62
lfp,0.1,43,36,93.45,65.8
lfp,0.1,43,37,93.7,67.69
lfp,0.1,43,38,93.8,68.21
lfp,0.1,43,39,93.8,68.21
lfp,0.1,43,40,93.85,68.54
lfp,0.1,43,41,94.05,69.87
lfp,0.1,43,42,94.1,70.2
lfp,0.1,43,43,94.35,71.82
lfp,0.1,43,44,94.35,71.82
lfp,0.1,43,45,94.6,73.53
lfp,0.1,43,46,94.65,73.71
lfp,0.1,43,47,94.55,73.09
lfp,0.1,43,48,94.65,73.71
lfp,0.1,43,49,94.9,75.36
lfp,0.1,44,0,20.15,24.28
lfp,0.1,44,1,32.1,27.22
lfp,0.1,44,2,42.2,30.19
lfp,0.1,44,3,52.1,33.75
lfp,0.1,44,4,64.55,39.56
lfp,0.1,44,5,71.7,44.29
lfp,0.1,44,6,78.8,49.04
lfp,0.1,44,7,84.05,54.88
lfp,0.1,44,8,87.5,59.68
lfp,0.1,44,9,89.5,63.16
lfp,0.1,44,10,91.45,66.92
lfp,0.1,44,11,92.05,68.51
lfp,0.1,44,12,92.95,69.94
lfp,0.1,44,13,93.6,72.29
lfp,0.1,44,14,93.6,69.67
lfp,0.1,44,15,93.25,65.3
lfp,0.1,44,16,93.05,63.13
lfp,0.1,44,17,92.6,59.78
lfp,0.1,44,18,92.45,58.63
lfp,0.1,44,19,92.55,59.4
lfp,0.1,44,20,92.45,58.63
lfp,0.1,44,21,92.55,59.18
lfp,0.1,44,22,92.65,59.95
lfp,0.1,44,23,92.5,58.79
lfp,0.1,44,24,92.45,58.4
lfp,0.1,44,25,92.25,56.82
lfp,0.1,44,26,92.2,56.42
lfp,0.1,44,27,92.5,58.79
lfp,0.1,44,28,92.5,58.79
lfp,0.1,44,29,92.35,57.62
lfp,0.1,44,30,92.1,55.62
lfp,0.1,44,31,92.05,55.21
lfp,0.1,44,32,92.05,55.21
lfp,0.1,44,33,91.9,53.98
lfp,0.1,44,34,91.8,53.14
lfp,0.1,44,35,91.75,52.72
lfp,0.1,44,36,91.7,52.3
lfp,0.1,44,37,91.3,48.82
lfp,0.1,44,38,91.5,50.58
lfp,0.1,44,39,91.55,51.01
lfp,0.1,44,40,92.3,57.22
lfp,0.1,44,41,92.55,59.18
lfp,0.1,44,42,92.75,60.7
lfp,0.1,44,43,92.95,62.2
lfp,0.1,44,44,93.0,62.57
lfp,0.1,44,45,93.35,65.09
lfp,0.1,44,46,93.4,65.45
lfp,0.1,44,47,93.45,65.8
lfp,0.1,44,48,93.6,66.84
lfp,0.1,44,49,93.5,66.15
lfp,0.2,42,0,35.2,26.86
lfp,0.2,42,1,47.6,30.69
lfp,0.2,42,2,65.1,38.66
lfp,0.2,42,3,81.1,51.04
lfp,0.2,42,4,86.95,59.03
lfp,0.2,42,5,89.4,63.19
lfp,0.2,42,6,90.55,63.86
lfp,0.2,42,7,91.75,62.75
lfp,0.2,42,8,92.15,64.24
lfp,0.2,42,9,92.45,66.22
lfp,0.2,42,10,92.05,59.54
lfp,0.2,42,11,91.35,51.81
lfp,0.2,42,12,90.95,46.61
lfp,0.2,42,13,90.3,40.12
lfp,0.2,42,14,89.95,36.59
lfp,0.2,42,15,90.0,36.71
lfp,0.2,42,16,89.7,33.12
lfp,0.2,42,17,89.65,32.57
lfp,0.2,42,18,89.9,35.26
lfp,0.2,42,19,90.5,41.36
lfp,0.2,42,20,90.6,42.33
lfp,0.2,42,21,90.65,42.81
lfp,0.2,42,22,91.05,46.57
lfp,0.2,42,23,91.4,49.71
lfp,0.2,42,24,91.7,52.3
lfp,0.2,42,25,91.65,52.15
lfp,0.2,42,26,91.65,52.15
lfp,0.2,42,27,91.75,52.99
lfp,0.2,42,28,92.0,55.06
lfp,0.2,42,29,92.05,55.46
lfp,0.2,42,30,92.1,55.87
lfp,0.2,42,31,92.05,55.46
lfp,0.2,42,32,92.45,58.63
lfp,0.2,42,33,92.65,60.38
lfp,0.2,42,34,92.65,60.38
lfp,0.2,42,35,92.9,62.23
lfp,0.2,42,36,93.05,63.32
lfp,0.2,42,37,93.55,66.84
lfp,0.2,42,38,93.75,68.19
lfp,0.2,42,39,93.95,69.52
lfp,0.2,42,40,94.0,69.85
lfp,0.2,42,41,94.05,70.18
lfp,0.2,42,42,94.05,70.18
lfp,0.2,42,43,94.2,71.29
lfp,0.2,42,44,94.2,71.14
lfp,0.2,42,45,94.2,71.29
lfp,0.2,42,46,94.2,71.14
lfp,0.2,42,47,94.2,71.14
lfp,0.2,42,48,94.35,72.24
lfp,0.2,42,49,94.35,72.24
lfp,0.2,43,0,83.9,52.23
lfp,0.2,43,1,86.75,55.91
lfp,0.2,43,2,88.6,60.0
lfp,0.2,43,3,90.35,63.38
lfp,0.2,43,4,91.05,65.24
lfp,0.2,43,5,91.35,64.18
lfp,0.2,43,6,92.35,65.46
lfp,0.2,43,7,92.6,65.42
lfp,0.2,43,8,92.95,66.67
lfp,0.2,43,9,92.75,64.37
lfp,0.2,43,10,93.05,65.51
lfp,0.2,43,11,92.85,63.05
lfp,0.2,43,12,92.55,60.48
lfp,0.2,43,13,92.45,59.08
lfp,0.2,43,14,92.5,59.46
lfp,0.2,43,15,92.6,60.64
lfp,0.2,43,16,92.7,60.96
lfp,0.2,43,17,92.55,59.84
lfp,0.2,43,18,92.95,62.8
lfp,0.2,43,19,92.75,61.13
lfp,0.2,43,20,92.85,61.87
lfp,0.2,43,21,92.45,58.86
lfp,0.2,43,22,92.75,61.13
lfp,0.2,43,23,92.55,59.4
lfp,0.2,43,24,92.55,59.18
lfp,0.2,43,25,92.7,60.33
lfp,0.2,43,26,92.55,59.18
lfp,0.2,43,27,92.5,58.79
lfp,0.2,43,28,92.7,60.33
lfp,0.2,43,29,93.05,62.93
lfp,0.2,43,30,93.3,64.74
lfp,0.2,43,31,93.35,65.09
lfp,0.2,43,32,93.5,66.32
lfp,0.2,43,33,93.6,67.01
lfp,0.2,43,34,93.6,67.01
lfp,0.2,43,35,93.7,67.53
lfp,0.2,43,36,93.6,66.84
lfp,0.2,43,37,93.65,67.18
lfp,0.2,43,38,93.65,67.18
lfp,0.2,43,39,93.85,68.54
lfp,0.2,43,40,94.05,69.87
lfp,0.2,43,41,94.25,71.18
lfp,0.2,43,42,94.2,71.0
lfp,0.2,43,43,94.35,71.96
lfp,0.2,43,44,94.55,73.22
lfp,0.2,43,45,94.95,75.66
lfp,0.2,43,46,95.05,76.26
lfp,0.2,43,47,94.9,75.36
lfp,0.2,43,48,94.95,75.66
lfp,0.2,43,49,95.2,77.14
lfp,0.2,44,0,21.25,24.46
lfp,0.2,44,1,32.05,26.97
lfp,0.2,44,2,42.6,30.26
lfp,0.2,44,3,52.4,33.98
lfp,0.2,44,4,64.25,39.56
lfp,0.2,44,5,72.15,44.69
lfp,0.2,44,6,79.15,48.96
lfp,0.2,44,7,84.1,54.57
lfp,0.2,44,8,87.65,59.57
lfp,0.2,44,9,89.55,63.14
lfp,0.2,44,10,91.55,66.93
lfp,0.2,44,11,92.2,68.8
lfp,0.2,44,12,93.2,70.18
lfp,0.2,44,13,93.8,72.2
lfp,0.2,44,14,93.4,66.15
lfp,0.2,44,15,92.85,61.66
lfp,0.2,44,16,92.35,57.85
lfp,0.2,44,17,92.35,57.62
lfp,0.2,44,18,92.0,54.8
lfp,0.2,44,19,92.3,57.22
lfp,0.2,44,20,92.35,57.62
lfp,0.2,44,21,92.3,57.22
lfp,0.2,44,22,92.4,58.01
lfp,0.2,44,23,92.35,57.62
lfp,0.2,44,24,92.55,59.18
lfp,0.2,44,25,92.5,58.79
lfp,0.2,44,26,92.4,58.01
lfp,0.2,44,27,92.6,59.56
lfp,0.2,44,28,92.7,60.33
lfp,0.2,44,29,92.55,59.18
lfp,0.2,44,30,92.4,58.01
lfp,0.2,44,31,92.15,56.02
lfp,0.2,44,32,92.2,56.42
lfp,0.2,44,33,92.25,56.82
lfp,0.2,44,34,92.2,56.42
lfp,0.2,44,35,92.25,56.82
lfp,0.2,44,36,92.1,55.62
lfp,0.2,44,37,91.65,51.87
lfp,0.2,44,38,91.8,53.14
lfp,0.2,44,39,92.05,55.21
lfp,0.2,44,40,92.55,59.18
lfp,0.2,44,41,92.55,59.18
lfp,0.2,44,42,93.0,62.57
lfp,0.2,44,43,93.35,65.09
lfp,0.2,44,44,93.15,63.66
lfp,0.2,44,45,93.4,65.45
lfp,0.2,44,46,93.55,66.49
lfp,0.2,44,47,93.45,65.8
lfp,0.2,44,48,93.4,65.45
lfp,0.2,44,49,93.2,64.02
lfp,0.3,42,0,34.85,27.17
lfp,0.3,42,1,44.25,29.56
lfp,0.3,42,2,59.35,36.03
lfp,0.3,42,3,73.85,45.58
lfp,0.3,42,4,80.5,52.55
lfp,0.3,42,5,85.8,59.66
lfp,0.3,42,6,89.05,64.85
lfp,0.3,42,7,91.85,65.54
lfp,0.3,42,8,92.35,66.67
lfp,0.3,42,9,92.55,65.75
lfp,0.3,42,10,92.1,59.28
lfp,0.3,42,11,91.4,51.69
lfp,0.3,42,12,91.2,49.43
lfp,0.3,42,13,90.7,44.31
lfp,0.3,42,14,90.2,39.51
lfp,0.3,42,15,90.55,42.9
lfp,0.3,42,16,90.45,41.59
lfp,0.3,42,17,90.75,44.44
lfp,0.3,42,18,90.95,46.29
lfp,0.3,42,19,91.5,51.15
lfp,0.3,42,20,91.85,54.08
lfp,0.3,42,21,91.75,53.26
lfp,0.3,42,22,91.9,54.49
lfp,0.3,42,23,91.8,53.67
lfp,0.3,42,24,91.9,54.49
lfp,0.3,42,25,91.95,54.9
lfp,0.3,42,26,91.9,54.24
lfp,0.3,42,27,91.95,54.65
lfp,0.3,42,28,92.3,57.69
lfp,0.3,42,29,92.4,58.47
lfp,0.3,42,30,92.45,58.86
lfp,0.3,42,31,92.5,59.24
lfp,0.3,42,32,92.95,62.6
lfp,0.3,42,33,93.0,62.96
lfp,0.3,42,34,93.0,62.96
lfp,0.3,42,35,93.1,63.68
lfp,0.3,42,36,93.5,66.49
lfp,0.3,42,37,93.8,68.53
lfp,0.3,42,38,93.8,68.53
lfp,0.3,42,39,93.8,68.53
lfp,0.3,42,40,93.95,69.52
lfp,0.3,42,41,94.0,69.85
lfp,0.3,42,42,93.85,68.86
lfp,0.3,42,43,94.0,69.85
lfp,0.3,42,44,93.75,68.19
lfp,0.3,42,45,94.0,69.85
lfp,0.3,42,46,93.85,68.86
lfp,0.3,42,47,93.8,68.53
lfp,0.3,42,48,93.8,68.53
lfp,0.3,42,49,93.95,69.52
lfp,0.3,43,0,83.55,51.69
lfp,0.3,43,1,85.35,55.4
lfp,0.3,43,2,86.85,58.19
lfp,0.3,43,3,89.8,62.91
lfp,0.3,43,4,90.85,65.92
lfp,0.3,43,5,91.6,64.41
lfp,0.3,43,6,92.3,64.84
lfp,0.3,43,7,92.6,64.76
lfp,0.3,43,8,92.7,64.56
lfp,0.3,43,9,92.9,64.85
lfp,0.3,43,10,93.4,67.96
lfp,0.3,43,11,93.2,65.83
lfp,0.3,43,12,93.25,65.82
lfp,0.3,43,13,93.2,65.31
lfp,0.3,43,14,93.3,65.99
lfp,0.3,43,15,93.7,68.66
lfp,0.3,43,16,93.45,66.67
lfp,0.3,43,17,93.45,66.67
lfp,0.3,43,18,93.85,69.33
lfp,0.3,43,19,93.65,68.01
lfp,0.3,43,20,93.85,69.33
lfp,0.3,43,21,93.4,65.98
lfp,0.3,43,22,93.4,65.98
lfp,0.3,43,23,93.25,64.75
lfp,0.3,43,24,93.5,66.49
lfp,0.3,43,25,93.25,64.75
lfp,0.3,43,26,93.05,63.32
lfp,0.3,43,27,93.25,64.57
lfp,0.3,43,28,93.4,65.62
lfp,0.3,43,29,93.7,67.69
lfp,0.3,43,30,93.7,67.69
lfp,0.3,43,31,94.0,69.7
lfp,0.3,43,32,94.1,70.35
lfp,0.3,43,33,94.3,71.64
lfp,0.3,43,34,94.25,71.32
lfp,0.3,43,35,94.5,72.91
lfp,0.3,43,36,94.15,70.68
lfp,0.3,43,37,94.4,72.28
lfp,0.3,43,38,94.3,71.64
lfp,0.3,43,39,94.2,71.0
lfp,0.3,43,40,94.4,72.28
lfp,0.3,43,41,94.4,72.28
lfp,0.3,43,42,94.4,72.28
lfp,0.3,43,43,94.45,72.59
lfp,0.3,43,44,94.55,73.22
lfp,0.3,43,45,94.85,75.06
lfp,0.3,43,46,94.85,75.06
lfp,0.3,43,47,94.8,74.76
lfp,0.3,43,48,94.95,75.66
lfp,0.3,43,49,94.85,75.06
lfp,0.3,44,0,20.9,24.45
lfp,0.3,44,1,31.3,26.76
lfp,0.3,44,2,41.9,30.25
lfp,0.3,44,3,51.65,33.63
lfp,0.3,44,4,65.7,40.35
lfp,0.3,44,5,73.2,44.63
lfp,0.3,44,6,79.7,49.25
lfp,0.3,44,7,86.15,57.45
lfp,0.3,44,8,88.6,62.25
lfp,0.3,44,9,91.0,65.78
lfp,0.3,44,10,92.45,68.34
lfp,0.3,44,11,92.85,69.38
lfp,0.3,44,12,93.35,70.38
lfp,0.3,44,13,93.7,70.42
lfp,0.3,44,14,93.05,63.52
lfp,0.3,44,15,92.3,57.46
lfp,0.3,44,16,92.05,55.46
lfp,0.3,44,17,92.3,57.46
lfp,0.3,44,18,92.3,57.46
lfp,0.3,44,19,92.65,60.16
lfp,0.3,44,20,92.65,60.16
lfp,0.3,44,21,92.65,60.16
lfp,0.3,44,22,92.6,59.78
lfp,0.3,44,23,92.65,59.95
lfp,0.3,44,24,92.7,60.54
lfp,0.3,44,25,92.6,59.56
lfp,0.3,44,26,92.4,58.01
lfp,0.3,44,27,92.7,60.33
lfp,0.3,44,28,92.8,61.08
lfp,0.3,44,29,92.6,59.56
lfp,0.3,44,30,92.2,56.42
lfp,0.3,44,31,91.85,53.56
lfp,0.3,44,32,92.05,55.21
lfp,0.3,44,33,92.25,56.82
lfp,0.3,44,34,92.2,56.42
lfp,0.3,44,35,92.25,56.82
lfp,0.3,44,36,92.05,55.21
lfp,0.3,44,37,91.7,52.3
lfp,0.3,44,38,91.65,51.87
lfp,0.3,44,39,92.05,55.21
lfp,0.3,44,40,92.35,57.62
lfp,0.3,44,41,92.45,58.4
lfp,0.3,44,42,93.2,64.02
lfp,0.3,44,43,93.35,65.09
lfp,0.3,44,44,93.1,63.3
lfp,0.3,44,45,93.3,64.74
lfp,0.3,44,46,93.35,65.09
lfp,0.3,44,47,93.35,65.09
lfp,0.3,44,48,93.35,65.09
lfp,0.3,44,49,93.25,64.38
ooa,0.0,42,0,35.9,27.41
ooa,0.0,42,1,49.95,31.95
ooa,0.0,42,2,67.4,40.62
ooa,0.0,42,3,84.25,55.57
ooa,0.0,42,4,88.65,62.35
ooa,0.0,42,5,89.95,64.55
ooa,0.0,42,6,91.9,69.08
ooa,0.0,42,7,92.65,68.52
ooa,0.0,42,8,92.85,68.43
ooa,0.0,42,9,93.35,69.7
ooa,0.0,42,10,92.65,63.52
ooa,0.0,42,11,92.15,58.13
ooa,0.0,42,12,92.25,57.99
ooa,0.0,42,13,91.8,53.93
ooa,0.0,42,14,91.45,51.0
ooa,0.0,42,15,91.5,51.43
ooa,0.0,42,16,91.45,50.72
ooa,0.0,42,17,91.75,53.26
ooa,0.0,42,18,91.9,54.49
ooa,0.0,42,19,92.25,57.3
ooa,0.0,42,20,92.75,61.13
ooa,0.0,42,21,92.4,58.47
ooa,0.0,42,22,92.9,62.23
ooa,0.0,42,23,92.7,60.75
ooa,0.0,42,24,93.2,64.4
ooa,0.0,42,25,93.4,65.8
ooa,0.0,42,26,93.6,67.18
ooa,0.0,42,27,93.85,68.86
ooa,0.0,42,28,94.15,70.97
ooa,0.0,42,29,94.2,71.29
ooa,0.0,42,30,94.4,72.55
ooa,0.0,42,31,94.55,73.48
ooa,0.0,42,32,94.75,74.7
ooa,0.0,42,33,94.75,74.7
ooa,0.0,42,34,94.85,75.3
ooa,0.0,42,35,94.9,75.6
ooa,0.0,42,36,95.0,76.53
ooa,0.0,42,37,95.1,77.1
ooa,0.0,42,38,95.15,77.39
ooa,0.0,42,39,95.2,77.67
ooa,0.0,42,40,95.2,77.78
ooa,0.0,42,41,95.35,78.62
ooa,0.0,42,42,95.4,78.7
ooa,0.0,42,43,95.45,78.89
ooa,0.0,42,44,95.45,78.89
ooa,0.0,42,45,95.5,79.17
ooa,0.0,42,46,95.55,79.45
ooa,0.0,42,47,95.55,79.45
ooa,0.0,42,48,95.7,80.28
ooa,0.0,42,49,95.7,80.28
ooa,0.0,43,0,84.35,52.79
ooa,0.0,43,1,87.15,58.08
ooa,0.0,43,2,89.4,61.59
ooa,0.0,43,3,90.4,61.29
ooa,0.0,43,4,91.15,63.05
ooa,0.0,43,5,92.0,63.47
ooa,0.0,43,6,92.3,62.44
ooa,0.0,43,7,92.5,61.93
ooa,0.0,43,8,92.45,60.57
ooa,0.0,43,9,91.55,52.12
ooa,0.0,43,10,91.15,48.4
ooa,0.0,43,11,91.05,47.2
ooa,0.0,43,12,91.35,49.86
ooa,0.0,43,13,91.05,47.2
ooa,0.0,43,14,91.2,48.54
ooa,0.0,43,15,91.4,50.29
ooa,0.0,43,16,91.3,48.82
ooa,0.0,43,17,91.3,48.82
ooa,0.0,43,18,91.4,49.71
ooa,0.0,43,19,91.4,49.71
ooa,0.0,43,20,91.5,50.58
ooa,0.0,43,21,91.7,52.3
ooa,0.0,43,22,91.95,54.39
ooa,0.0,43,23,91.95,54.39
ooa,0.0,43,24,92.05,55.21
ooa,0.0,43,25,92.1,55.62
ooa,0.0,43,26,92.05,55.21
ooa,0.0,43,27,92.25,56.82
ooa,0.0,43,28,92.5,58.79
ooa,0.0,43,29,92.75,60.7
ooa,0.0,43,30,92.85,61.46
ooa,0.0,43,31,92.85,61.46
ooa,0.0,43,32,93.2,64.02
ooa,0.0,43,33,93.25,64.38
ooa,0.0,43,34,93.35,65.09
ooa,0.0,43,35,93.45,65.8
ooa,0.0,43,36,93.3,64.74
ooa,0.0,43,37,93.65,67.18
ooa,0.0,43,38,93.75,67.87
ooa,0.0,43,39,93.8,68.21
ooa,0.0,43,40,93.85,68.54
ooa,0.0,43,41,94.1,70.2
ooa,0.0,43,42,94.0,69.54
ooa,0.0,43,43,94.25,71.18
ooa,0.0,43,44,94.3,71.5
ooa,0.0,43,45,94.35,71.82
ooa,0.0,43,46,94.5,72.77
ooa,0.0,43,47,94.5,72.77
ooa,0.0,43,48,94.6,73.4
ooa,0.0,43,49,94.85,74.94
ooa,0.0,44,0,21.15,24.51
ooa,0.0,44,1,35.25,28.02
ooa,0.0,44,2,49.7,32.48
ooa,0.0,44,3,60.65,37.19
ooa,0.0,44,4,71.45,42.96
ooa,0.0,44,5,78.75,48.23
ooa,0.0,44,6,83.75,54.29
ooa,0.0,44,7,87.7,59.0
ooa,0.0,44,8,89.6,62.45
ooa,0.0,44,9,91.4,66.01
ooa,0.0,44,10,93.05,69.72
ooa,0.0,44,11,93.35,70.77
ooa,0.0,44,12,93.95,72.18
ooa,0.0,44,13,94.3,72.99
ooa,0.0,44,14,93.65,68.01
ooa,0.0,44,15,93.25,64.75
ooa,0.0,44,16,93.15,64.04
ooa,0.0,44,17,93.2,64.21
ooa,0.0,44,18,93.3,64.92
ooa,0.0,44,19,93.6,67.18
ooa,0.0,44,20,93.85,68.86
ooa,0.0,44,21,93.75,68.03
ooa,0.0,44,22,93.9,69.04
ooa,0.0,44,23,93.75,68.03
ooa,0.0,44,24,93.2,64.21
ooa,0.0,44,25,93.55,66.67
ooa,0.0,44,26,93.65,67.35
ooa,0.0,44,27,93.9,69.04
ooa,0.0,44,28,94.0,69.7
ooa,0.0,44,29,94.15,70.68
ooa,0.0,44,30,94.1,70.35
ooa,0.0,44,31,93.8,68.21
ooa,0.0,44,32,93.65,67.18
ooa,0.0,44,33,93.7,67.53
ooa,0.0,44,34,93.65,67.18
ooa,0.0,44,35,93.65,67.18
ooa,0.0,44,36,93.65,67.18
ooa,0.0,44,37,93.7,67.53
ooa,0.0,44,38,93.65,67.18
ooa,0.0,44,39,93.9,68.88
ooa,0.0,44,40,93.95,69.21
ooa,0.0,44,41,94.15,70.53
ooa,0.0,44,42,94.35,71.82
ooa,0.0,44,43,94.3,71.64
ooa,0.0,44,44,94.4,72.28
ooa,0.0,44,45,94.65,73.84
ooa,0.0,44,46,94.8,74.76
ooa,0.0,44,47,94.8,74.76
ooa,0.0,44,48,95.0,76.08
ooa,0.0,44,49,95.0,75.96
ooa,0.1,42,0,35.9,27.41
ooa,0.1,42,1,50.55,31.93
ooa,0.1,42,2,68.35,40.9
ooa,0.1,42,3,84.7,56.03
ooa,0.1,42,4,88.65,62.35
ooa,0.1,42,5,90.65,65.18
ooa,0.1,42,6,92.1,67.89
ooa,0.1,42,7,92.45,66.67
ooa,0.1,42,8,92.7,66.05
ooa,0.1,42,9,92.7,64.22
ooa,0.1,42,10,92.35,60.87
ooa,0.1,42,11,92.15,58.13
ooa,0.1,42,12,92.35,58.76
ooa,0.1,42,13,91.7,53.11
ooa,0.1,42,14,91.25,49.28
ooa,0.1,42,15,91.75,53.26
ooa,0.1,42,16,91.75,53.26
ooa,0.1,42,17,91.75,53.26
ooa,0.1,42,18,91.9,54.49
ooa,0.1,42,19,92.2,56.91
ooa,0.1,42,20,92.45,58.86
ooa,0.1,42,21,92.4,58.47
ooa,0.1,42,22,92.8,61.5
ooa,0.1,42,23,93.0,62.96
ooa,0.1,42,24,93.25,64.75
ooa,0.1,42,25,93.3,65.1
ooa,0.1,42,26,93.5,66.49
ooa,0.1,42,27,93.7,67.86
ooa,0.1,42,28,94.15,70.97
ooa,0.1,42,29,94.15,70.97
ooa,0.1,42,30,94.2,71.29
ooa,0.1,42,31,94.25,71.6
ooa,0.1,42,32,94.45,72.86
ooa,0.1,42,33,94.6,73.79
ooa,0.1,42,34,94.6,73.79
ooa,0.1,42,35,94.65,74.09
ooa,0.1,42,36,94.9,75.6
ooa,0.1,42,37,95.05,76.71
ooa,0.1,42,38,95.0,76.64
ooa,0.1,42,39,95.25,78.06
ooa,0.1,42,40,95.4,78.9
ooa,0.1,42,41,95.45,79.18
ooa,0.1,42,42,95.5,79.36
ooa,0.1,42,43,95.5,79.36
ooa,0.1,42,44,95.4,78.8
ooa,0.1,42,45,95.5,79.36
ooa,0.1,42,46,95.55,79.63
ooa,0.1,42,47,95.65,80.0
ooa,0.1,42,48,95.7,80.28
ooa,0.1,42,49,95.7,80.28
ooa,0.1,43,0,84.45,53.23
ooa,0.1,43,1,86.9,57.61
ooa,0.1,43,2,89.1,62.02
ooa,0.1,43,3,90.45,62.33
ooa,0.1,43,4,91.15,63.35
ooa,0.1,43,5,92.35,66.67
ooa,0.1,43,6,92.2,63.03
ooa,0.1,43,7,92.75,64.55
ooa,0.1,43,8,93.0,65.35
ooa,0.1,43,9,92.7,62.18
ooa,0.1,43,10,92.35,58.76
ooa,0.1,43,11,92.15,56.99
ooa,0.1,43,12,92.35,58.31
ooa,0.1,43,13,91.65,52.69
ooa,0.1,43,14,91.95,55.15
ooa,0.1,43,15,92.25,57.53
ooa,0.1,43,16,92.3,57.69
ooa,0.1,43,17,92.1,56.11
ooa,0.1,43,18,92.25,57.3
ooa,0.1,43,19,92.1,56.11
ooa,0.1,43,20,92.25,57.3
ooa,0.1,43,21,92.1,55.62
ooa,0.1,43,22,92.4,58.01
ooa,0.1,43,23,92.35,57.62
ooa,0.1,43,24,92.35,57.62
ooa,0.1,43,25,92.15,56.02
ooa,0.1,43,26,92.1,55.62
ooa,0.1,43,27,92.3,57.22
ooa,0.1,43,28,92.5,58.79
ooa,0.1,43,29,92.8,61.08
ooa,0.1,43,30,92.65,59.95
ooa,0.1,43,31,93.0,62.57
ooa,0.1,43,32,93.05,62.93
ooa,0.1,43,33,93.15,63.66
ooa,0.1,43,34,93.1,63.3
ooa,0.1,43,35,93.15,63.66
ooa,0.1,43,36,92.95,62.2
ooa,0.1,43,37,93.4,65.45
ooa,0.1,43,38,93.25,64.38
ooa,0.1,43,39,93.05,62.93
ooa,0.1,43,40,93.35,65.09
ooa,0.1,43,41,93.55,66.49
ooa,0.1,43,42,93.45,65.8
ooa,0.1,43,43,93.7,67.53
ooa,0.1,43,44,93.85,68.54
ooa,0.1,43,45,94.0,69.54
ooa,0.1,43,46,94.2,70.85
ooa,0.1,43,47,94.15,70.53
ooa,0.1,43,48,94.25,71.18
ooa,0.1,43,49,94.3,71.5
ooa,0.1,44,0,21.15,24.51
ooa,0.1,44,1,34.75,27.94
ooa,0.1,44,2,47.15,31.85
ooa,0.1,44,3,56.1,35.63
ooa,0.1,44,4,68.5,42.2
ooa,0.1,44,5,76.95,48.14
ooa,0.1,44,6,81.95,52.19
ooa,0.1,44,7,87.15,59.01
ooa,0.1,44,8,88.6,61.22
ooa,0.1,44,9,91.0,66.42
ooa,0.1,44,10,92.3,68.7
ooa,0.1,44,11,92.7,69.96
ooa,0.1,44,12,93.55,71.9
ooa,0.1,44,13,93.95,73.17
ooa,0.1,44,14,94.35,72.64
ooa,0.1,44,15,93.85,69.17
ooa,0.1,44,16,93.5,66.49
ooa,0.1,44,17,93.3,65.1
ooa,0.1,44,18,93.45,65.97
ooa,0.1,44,19,93.85,68.7
ooa,0.1,44,20,93.85,68.7
ooa,0.1,44,21,93.75,68.03
ooa,0.1,44,22,93.85,68.7
ooa,0.1,44,23,93.9,69.04
ooa,0.1,44,24,93.9,69.04
ooa,0.1,44,25,93.85,68.7
ooa,0.1,44,26,94.0,69.7
ooa,0.1,44,27,94.3,71.64
ooa,0.1,44,28,94.2,71.0
ooa,0.1,44,29,94.25,71.32
ooa,0.1,44,30,94.15,70.68
ooa,0.1,44,31,93.9,68.88
ooa,0.1,44,32,93.85,68.54
ooa,0.1,44,33,94.0,69.7
ooa,0.1,44,34,94.0,69.7
ooa,0.1,44,35,94.0,69.54
ooa,0.1,44,36,93.9,68.88
ooa,0.1,44,37,93.7,67.53
ooa,0.1,44,38,93.7,67.53
ooa,0.1,44,39,93.75,67.87
ooa,0.1,44,40,93.9,68.88
ooa,0.1,44,41,94.15,70.53
ooa,0.1,44,42,94.4,72.14
ooa,0.1,44,43,94.4,72.14
ooa,0.1,44,44,94.35,71.82
ooa,0.1,44,45,94.65,73.71
ooa,0.1,44,46,94.8,74.63
ooa,0.1,44,47,94.9,75.24
ooa,0.1,44,48,94.95,75.54
ooa,0.1,44,49,95.0,75.85
ooa,0.2,42,0,36.15,27.32
ooa,0.2,42,1,50.35,32.03
ooa,0.2,42,2,68.0,40.85
ooa,0.2,42,3,84.7,56.29
ooa,0.2,42,4,88.35,62.24
ooa,0.2,42,5,90.6,64.93
ooa,0.2,42,6,92.1,67.62
ooa,0.2,42,7,92.45,64.3
ooa,0.2,42,8,92.95,66.02
ooa,0.2,42,9,92.65,63.7
ooa,0.2,42,10,92.2,59.38
ooa,0.2,42,11,92.05,56.68
ooa,0.2,42,12,91.7,53.11
ooa,0.2,42,13,91.6,52.27
ooa,0.2,42,14,91.45,51.0
ooa,0.2,42,15,91.9,54.49
ooa,0.2,42,16,91.75,53.26
ooa,0.2,42,17,91.8,53.67
ooa,0.2,42,18,91.85,54.08
ooa,0.2,42,19,92.2,56.91
ooa,0.2,42,20,92.75,61.13
ooa,0.2,42,21,92.25,57.3
ooa,0.2,42,22,92.9,62.23
ooa,0.2,42,23,92.95,62.6
ooa,0.2,42,24,93.35,65.45
ooa,0.2,42,25,93.35,65.45
ooa,0.2,42,26,93.5,66.49
ooa,0.2,42,27,93.45,66.15
ooa,0.2,42,28,93.75,68.19
ooa,0.2,42,29,93.9,69.19
ooa,0.2,42,30,94.15,70.82
ooa,0.2,42,31,94.25,71.46
ooa,0.2,42,32,94.55,73.48
ooa,0.2,42,33,94.65,74.09
ooa,0.2,42,34,94.65,74.09
ooa,0.2,42,35,94.75,74.7
ooa,0.2,42,36,94.85,75.42
ooa,0.2,42,37,94.95,76.12
ooa,0.2,42,38,95.0,76.64
ooa,0.2,42,39,95.05,76.92
ooa,0.2,42,40,95.3,78.34
ooa,0.2,42,41,95.5,79.45
ooa,0.2,42,42,95.45,79.18
ooa,0.2,42,43,95.45,79.18
ooa,0.2,42,44,95.5,79.45
ooa,0.2,42,45,95.65,80.27
ooa,0.2,42,46,95.65,80.27
ooa,0.2,42,47,95.6,80.0
ooa,0.2,42,48,95.7,80.54
ooa,0.2,42,49,95.7,80.54
ooa,0.2,43,0,84.3,52.99
ooa,0.2,43,1,87.4,55.94
ooa,0.2,43,2,89.3,60.22
ooa,0.2,43,3,90.45,61.1
ooa,0.2,43,4,91.25,62.37
ooa,0.2,43,5,92.1,63.93
ooa,0.2,43,6,92.4,63.11
ooa,0.2,43,7,92.7,63.86
ooa,0.2,43,8,92.95,64.48
ooa,0.2,43,9,92.75,62.72
ooa,0.2,43,10,92.75,62.53
ooa,0.2,43,11,92.4,59.57
ooa,0.2,43,12,92.35,58.31
ooa,0.2,43,13,91.95,55.15
ooa,0.2,43,14,92.2,57.14
ooa,0.2,43,15,92.25,57.53
ooa,0.2,43,16,92.25,57.3
ooa,0.2,43,17,91.95,54.9
ooa,0.2,43,18,92.15,56.51
ooa,0.2,43,19,91.75,53.26
ooa,0.2,43,20,92.05,55.46
ooa,0.2,43,21,91.75,52.72
ooa,0.2,43,22,92.05,55.21
ooa,0.2,43,23,92.0,54.8
ooa,0.2,43,24,92.3,57.22
ooa,0.2,43,25,92.1,55.62
ooa,0.2,43,26,91.95,54.39
ooa,0.2,43,27,92.15,56.02
ooa,0.2,43,28,92.3,57.22
ooa,0.2,43,29,92.6,59.56
ooa,0.2,43,30,92.95,62.2
ooa,0.2,43,31,93.2,64.02
ooa,0.2,43,32,93.35,65.09
ooa,0.2,43,33,93.35,65.27
ooa,0.2,43,34,93.4,65.45
ooa,0.2,43,35,93.45,65.8
ooa,0.2,43,36,93.5,66.15
ooa,0.2,43,37,93.65,67.18
ooa,0.2,43,38,93.65,67.18
ooa,0.2,43,39,93.65,67.18
ooa,0.2,43,40,93.85,68.54
ooa,0.2,43,41,94.0,69.54
ooa,0.2,43,42,93.9,68.88
ooa,0.2,43,43,94.15,70.53
ooa,0.2,43,44,94.15,70.53
ooa,0.2,43,45,94.4,72.28
ooa,0.2,43,46,94.5,72.91
ooa,0.2,43,47,94.5,72.91
ooa,0.2,43,48,94.65,73.84
ooa,0.2,43,49,94.6,73.53
ooa,0.2,44,0,23.4,24.98
ooa,0.2,44,1,36.75,28.25
ooa,0.2,44,2,49.15,32.43
ooa,0.2,44,3,58.4,36.49
ooa,0.2,44,4,70.2,43.13
ooa,0.2,44,5,76.95,48.14
ooa,0.2,44,6,81.35,52.84
ooa,0.2,44,7,85.95,58.37
ooa,0.2,44,8,88.0,61.54
ooa,0.2,44,9,90.15,65.86
ooa,0.2,44,10,91.75,69.04
ooa,0.2,44,11,92.65,70.89
ooa,0.2,44,12,93.5,72.92
ooa,0.2,44,13,93.95,74.31
ooa,0.2,44,14,94.2,72.77
ooa,0.2,44,15,94.05,70.62
ooa,0.2,44,16,93.55,66.84
ooa,0.2,44,17,93.45,66.15
ooa,0.2,44,18,93.55,66.67
ooa,0.2,44,19,93.55,66.67
ooa,0.2,44,20,93.7,67.69
ooa,0.2,44,21,93.8,68.37
ooa,0.2,44,22,94.0,69.7
ooa,0.2,44,23,93.95,69.37
ooa,0.2,44,24,94.2,71.0
ooa,0.2,44,25,94.25,71.32
ooa,0.2,44,26,94.15,70.68
ooa,0.2,44,27,94.2,71.14
ooa,0.2,44,28,94.15,70.82
ooa,0.2,44,29,94.15,70.68
ooa,0.2,44,30,94.1,70.35
ooa,0.2,44,31,93.8,68.21
ooa,0.2,44,32,93.95,69.21
ooa,0.2,44,33,93.95,69.37
ooa,0.2,44,34,93.95,69.37
ooa,0.2,44,35,94.0,69.54
ooa,0.2,44,36,93.95,69.21
ooa,0.2,44,37,93.85,68.54
ooa,0.2,44,38,93.8,68.21
ooa,0.2,44,39,93.95,69.21
ooa,0.2,44,40,94.2,70.85
ooa,0.2,44,41,94.25,71.18
ooa,0.2,44,42,94.5,72.77
ooa,0.2,44,43,94.65,73.97
ooa,0.2,44,44,94.65,73.97
ooa,0.2,44,45,94.85,75.18
ooa,0.2,44,46,94.9,75.48
ooa,0.2,44,47,94.95,75.66
ooa,0.2,44,48,94.95,75.66
ooa,0.2,44,49,95.0,75.96
ooa,0.3,42,0,34.85,27.41
ooa,0.3,42,1,46.6,30.74
ooa,0.3,42,2,63.15,38.53
ooa,0.3,42,3,77.55,49.61
ooa,0.3,42,4,82.4,55.44
ooa,0.3,42,5,87.15,62.59
ooa,0.3,42,6,89.75,66.99
ooa,0.3,42,7,92.15,70.76
ooa,0.3,42,8,93.15,72.98
ooa,0.3,42,9,93.05,71.34
ooa,0.3,42,10,93.2,67.92
ooa,0.3,42,11,92.75,64.2
ooa,0.3,42,12,92.75,63.29
ooa,0.3,42,13,92.3,58.15
ooa,0.3,42,14,92.05,55.96
ooa,0.3,42,15,92.0,55.56
ooa,0.3,42,16,91.8,53.67
ooa,0.3,42,17,92.25,57.3
ooa,0.3,42,18,92.35,58.08
ooa,0.3,42,19,92.65,60.38
ooa,0.3,42,20,93.05,63.32
ooa,0.3,42,21,92.8,61.5
ooa,0.3,42,22,93.55,66.84
ooa,0.3,42,23,93.5,66.49
ooa,0.3,42,24,93.7,67.86
ooa,0.3,42,25,94.05,70.18
ooa,0.3,42,26,94.05,70.18
ooa,0.3,42,27,94.05,70.18
ooa,0.3,42,28,94.4,72.55
ooa,0.3,42,29,94.65,74.09
ooa,0.3,42,30,94.75,74.7
ooa,0.3,42,31,94.75,74.7
ooa,0.3,42,32,94.75,74.94
ooa,0.3,42,33,94.95,76.24
ooa,0.3,42,34,94.9,75.83
ooa,0.3,42,35,94.95,76.12
ooa,0.3,42,36,95.05,76.92
ooa,0.3,42,37,95.1,77.21
ooa,0.3,42,38,95.1,77.21
ooa,0.3,42,39,95.15,77.49
ooa,0.3,42,40,95.3,78.34
ooa,0.3,42,41,95.5,79.45
ooa,0.3,42,42,95.55,79.63
ooa,0.3,42,43,95.55,79.63
ooa,0.3,42,44,95.55,79.54
ooa,0.3,42,45,95.55,79.63
ooa,0.3,42,46,95.6,79.82
ooa,0.3,42,47,95.65,80.0
ooa,0.3,42,48,95.7,80.28
ooa,0.3,42,49,95.7,80.28
ooa,0.3,43,0,84.05,52.17
ooa,0.3,43,1,87.15,58.21
ooa,0.3,43,2,89.05,61.65
ooa,0.3,43,3,90.5,62.0
ooa,0.3,43,4,91.2,63.33
ooa,0.3,43,5,92.4,66.81
ooa,0.3,43,6,92.3,62.8
ooa,0.3,43,7,92.5,63.24
ooa,0.3,43,8,92.9,64.68
ooa,0.3,43,9,92.8,63.08
ooa,0.3,43,10,93.1,65.33
ooa,0.3,43,11,92.9,63.21
ooa,0.3,43,12,92.7,61.78
ooa,0.3,43,13,92.35,58.76
ooa,0.3,43,14,92.3,58.15
ooa,0.3,43,15,93.15,64.78
ooa,0.3,43,16,92.6,60.22
ooa,0.3,43,17,92.3,57.69
ooa,0.3,43,18,92.4,58.47
ooa,0.3,43,19,92.15,56.51
ooa,0.3,43,20,92.15,56.51
ooa,0.3,43,21,92.15,56.02
ooa,0.3,43,22,92.35,57.62
ooa,0.3,43,23,92.25,56.82
ooa,0.3,43,24,92.3,57.22
ooa,0.3,43,25,91.95,54.39
ooa,0.3,43,26,91.6,51.45
ooa,0.3,43,27,91.85,53.56
ooa,0.3,43,28,91.95,54.39
ooa,0.3,43,29,92.3,57.22
ooa,0.3,43,30,92.4,58.01
ooa,0.3,43,31,93.0,62.57
ooa,0.3,43,32,93.25,64.38
ooa,0.3,43,33,93.25,64.38
ooa,0.3,43,34,93.2,64.02
ooa,0.3,43,35,93.25,64.38
ooa,0.3,43,36,93.2,64.02
ooa,0.3,43,37,93.55,66.49
ooa,0.3,43,38,93.55,66.49
ooa,0.3,43,39,93.25,64.38
ooa,0.3,43,40,93.8,68.21
ooa,0.3,43,41,93.8,68.21
ooa,0.3,43,42,93.9,68.88
ooa,0.3,43,43,94.0,69.54
ooa,0.3,43,44,94.2,70.85
ooa,0.3,43,45,94.35,71.82
ooa,0.3,43,46,94.45,72.46
ooa,0.3,43,47,94.4,72.14
ooa,0.3,43,48,94.6,73.4
ooa,0.3,43,49,94.55,73.09
ooa,0.3,44,0,23.15,24.91
ooa,0.3,44,1,36.55,28.18
ooa,0.3,44,2,47.55,31.93
ooa,0.3,44,3,56.6,35.99
ooa,0.3,44,4,70.3,43.43
ooa,0.3,44,5,77.45,48.69
ooa,0.3,44,6,81.85,53.16
ooa,0.3,44,7,86.55,58.81
ooa,0.3,44,8,88.55,62.52
ooa,0.3,44,9,90.6,66.06
ooa,0.3,44,10,92.5,69.51
ooa,0.3,44,11,93.25,71.22
ooa,0.3,44,12,93.8,72.07
ooa,0.3,44,13,94.05,72.89
ooa,0.3,44,14,93.45,66.5
ooa,0.3,44,15,93.1,63.68
ooa,0.3,44,16,93.1,63.68
ooa,0.3,44,17,93.05,63.13
ooa,0.3,44,18,93.1,63.68
ooa,0.3,44,19,93.25,64.57
ooa,0.3,44,20,93.35,65.45
ooa,0.3,44,21,93.4,65.62
ooa,0.3,44,22,93.35,65.27
ooa,0.3,44,23,93.35,65.27
ooa,0.3,44,24,93.8,68.37
ooa,0.3,44,25,93.7,67.69
ooa,0.3,44,26,93.7,67.69
ooa,0.3,44,27,93.9,69.04
ooa,0.3,44,28,94.05,70.03
ooa,0.3,44,29,94.05,70.03
ooa,0.3,44,30,93.8,68.37
ooa,0.3,44,31,93.55,66.49
ooa,0.3,44,32,93.7,67.53
ooa,0.3,44,33,93.75,68.03
ooa,0.3,44,34,93.75,67.87
ooa,0.3,44,35,93.75,67.87
ooa,0.3,44,36,93.75,67.87
ooa,0.3,44,37,93.5,66.15
ooa,0.3,44,38,93.6,66.84
ooa,0.3,44,39,93.6,66.84
ooa,0.3,44,40,93.8,68.21
ooa,0.3,44,41,93.8,68.21
ooa,0.3,44,42,94.15,70.53
ooa,0.3,44,43,94.2,70.85
ooa,0.3,44,44,93.95,69.21
ooa,0.3,44,45,94.15,70.53
ooa,0.3,44,46,94.15,70.53
ooa,0.3,44,47,94.3,71.5
ooa,0.3,44,48,94.15,70.53
ooa,0.3,44,49,94.1,70.2
