method,seed,round,acc,f1
FedAvg,42,0,41.75,5.82
FedAvg,42,1,63.35,8.03
FedAvg,42,2,80.2,12.39
FedAvg,42,3,92.85,25.91
FedAvg,42,4,98.65,59.7
FedAvg,42,5,98.75,59.02
FedAvg,42,6,98.45,41.51
FedAvg,42,7,98.25,28.57
FedAvg,42,8,98.2,25.0
FedAvg,42,9,98.1,17.39
FedAvg,42,10,98.0,9.09
FedAvg,42,11,98.0,9.09
FedAvg,42,12,97.9,0.0
FedAvg,42,13,97.9,0.0
FedAvg,42,14,97.9,0.0
FedAvg,42,15,97.9,0.0
FedAvg,42,16,97.9,0.0
FedAvg,42,17,97.9,0.0
FedAvg,42,18,97.9,0.0
FedAvg,42,19,97.9,0.0
FedAvg,42,20,97.9,0.0
FedAvg,42,21,97.9,0.0
FedAvg,42,22,98.0,9.09
FedAvg,42,23,98.0,9.09
FedAvg,42,24,98.0,9.09
FedAvg,42,25,97.9,0.0
FedAvg,42,26,98.0,9.09
FedAvg,42,27,98.0,9.09
FedAvg,42,28,98.05,13.33
FedAvg,42,29,98.1,17.39
FedAvg,42,30,98.15,21.28
FedAvg,42,31,98.1,17.39
FedAvg,42,32,98.1,17.39
FedAvg,42,33,98.15,21.28
FedAvg,42,34,98.2,25.0
FedAvg,42,35,98.2,25.0
FedAvg,42,36,98.2,25.0
FedAvg,42,37,98.2,25.0
FedAvg,42,38,98.25,28.57
FedAvg,42,39,98.25,28.57
FedAvg,42,40,98.3,32.0
FedAvg,42,41,98.45,41.51
FedAvg,42,42,98.45,41.51
FedAvg,42,43,98.45,41.51
FedAvg,42,44,98.4,38.46
FedAvg,42,45,98.45,41.51
FedAvg,42,46,98.45,41.51
FedAvg,42,47,98.45,41.51
FedAvg,42,48,98.5,44.44
FedAvg,42,49,98.45,41.51
FedAvg,43,0,89.25,22.94
FedAvg,43,1,95.35,29.01
FedAvg,43,2,97.8,8.33
FedAvg,43,3,97.9,0.0
FedAvg,43,4,97.9,0.0
FedAvg,43,5,97.9,0.0
FedAvg,43,6,97.9,0.0
FedAvg,43,7,97.9,0.0
FedAvg,43,8,97.9,0.0
FedAvg,43,9,97.9,0.0
FedAvg,43,10,97.9,0.0
FedAvg,43,11,97.9,0.0
FedAvg,43,12,97.9,0.0
FedAvg,43,13,97.9,0.0
FedAvg,43,14,97.9,0.0
FedAvg,43,15,97.9,0.0
FedAvg,43,16,97.9,0.0
FedAvg,43,17,97.9,0.0
FedAvg,43,18,97.9,0.0
FedAvg,43,19,97.9,0.0
FedAvg,43,20,97.9,0.0
FedAvg,43,21,97.9,0.0
FedAvg,43,22,97.9,0.0
FedAvg,43,23,97.9,0.0
FedAvg,43,24,97.9,0.0
FedAvg,43,25,97.9,0.0
FedAvg,43,26,97.9,0.0
FedAvg,43,27,97.95,4.65
FedAvg,43,28,98.1,17.39
FedAvg,43,29,98.1,17.39
FedAvg,43,30,98.15,21.28
FedAvg,43,31,98.15,21.28
FedAvg,43,32,98.25,28.57
FedAvg,43,33,98.25,28.57
FedAvg,43,34,98.35,35.29
FedAvg,43,35,98.4,38.46
FedAvg,43,36,98.45,41.51
FedAvg,43,37,98.45,41.51
FedAvg,43,38,98.45,41.51
FedAvg,43,39,98.45,41.51
FedAvg,43,40,98.45,41.51
FedAvg,43,41,98.45,41.51
FedAvg,43,42,98.45,41.51
FedAvg,43,43,98.45,41.51
FedAvg,43,44,98.45,41.51
FedAvg,43,45,98.5,44.44
FedAvg,43,46,98.5,44.44
FedAvg,43,47,98.5,44.44
FedAvg,43,48,98.5,44.44
FedAvg,43,49,98.5,44.44
FedAvg,44,0,15.35,4.73
FedAvg,44,1,37.2,6.27
FedAvg,44,2,52.8,7.99
FedAvg,44,3,73.95,10.63
FedAvg,44,4,88.05,16.14
FedAvg,44,5,94.55,27.81
FedAvg,44,6,97.7,39.47
FedAvg,44,7,98.35,47.62
FedAvg,44,8,98.35,45.9
FedAvg,44,9,98.4,46.67
FedAvg,44,10,98.5,44.44
FedAvg,44,11,98.4,38.46
FedAvg,44,12,98.25,28.57
FedAvg,44,13,98.25,28.57
FedAvg,44,14,98.2,25.0
FedAvg,44,15,98.15,21.28
FedAvg,44,16,98.15,21.28
FedAvg,44,17,98.15,21.28
FedAvg,44,18,98.15,21.28
FedAvg,44,19,98.15,21.28
FedAvg,44,20,98.15,21.28
FedAvg,44,21,98.15,21.28
FedAvg,44,22,98.15,21.28
FedAvg,44,23,98.15,21.28
FedAvg,44,24,98.15,21.28
FedAvg,44,25,98.2,25.0
FedAvg,44,26,98.2,25.0
FedAvg,44,27,98.35,35.29
FedAvg,44,28,98.4,38.46
FedAvg,44,29,98.5,44.44
FedAvg,44,30,98.5,44.44
FedAvg,44,31,98.55,47.27
FedAvg,44,32,98.55,47.27
FedAvg,44,33,98.55,47.27
FedAvg,44,34,98.55,47.27
FedAvg,44,35,98.55,47.27
FedAvg,44,36,98.55,47.27
FedAvg,44,37,98.55,47.27
FedAvg,44,38,98.55,47.27
FedAvg,44,39,98.55,47.27
FedAvg,44,40,98.55,47.27
FedAvg,44,41,98.55,47.27
FedAvg,44,42,98.55,47.27
FedAvg,44,43,98.6,50.0
FedAvg,44,44,98.65,52.63
FedAvg,44,45,98.65,52.63
FedAvg,44,46,98.7,55.17
FedAvg,44,47,98.7,55.17
FedAvg,44,48,98.65,54.24
FedAvg,44,49,98.65,54.24
Multi-Krum,42,0,41.2,6.07
Multi-Krum,42,1,65.6,8.02
Multi-Krum,42,2,78.2,11.38
Multi-Krum,42,3,90.7,21.19
Multi-Krum,42,4,97.45,48.48
Multi-Krum,42,5,98.75,60.32
Multi-Krum,42,6,98.35,35.29
Multi-Krum,42,7,98.1,17.39
Multi-Krum,42,8,98.1,17.39
Multi-Krum,42,9,97.95,4.65
Multi-Krum,42,10,97.9,0.0
Multi-Krum,42,11,97.9,0.0
Multi-Krum,42,12,97.9,0.0
Multi-Krum,42,13,97.9,0.0
Multi-Krum,42,14,97.9,0.0
Multi-Krum,42,15,97.9,0.0
Multi-Krum,42,16,97.9,0.0
Multi-Krum,42,17,97.9,0.0
Multi-Krum,42,18,97.9,0.0
Multi-Krum,42,19,97.9,0.0
Multi-Krum,42,20,97.9,0.0
Multi-Krum,42,21,97.9,0.0
Multi-Krum,42,22,97.9,0.0
Multi-Krum,42,23,97.9,0.0
Multi-Krum,42,24,97.9,0.0
Multi-Krum,42,25,97.9,0.0
Multi-Krum,42,26,97.9,0.0
Multi-Krum,42,27,97.9,0.0
Multi-Krum,42,28,97.9,0.0
Multi-Krum,42,29,97.9,0.0
Multi-Krum,42,30,97.9,0.0
Multi-Krum,42,31,97.9,0.0
Multi-Krum,42,32,97.9,0.0
Multi-Krum,42,33,97.9,0.0
Multi-Krum,42,34,98.0,9.09
Multi-Krum,42,35,98.15,21.28
Multi-Krum,42,36,98.1,17.39
Multi-Krum,42,37,98.15,21.28
Multi-Krum,42,38,98.15,21.28
Multi-Krum,42,39,98.0,9.09
Multi-Krum,42,40,98.15,21.28
Multi-Krum,42,41,98.2,25.0
Multi-Krum,42,42,98.2,25.0
Multi-Krum,42,43,98.15,21.28
Multi-Krum,42,44,98.15,21.28
Multi-Krum,42,45,98.15,21.28
Multi-Krum,42,46,98.15,21.28
Multi-Krum,42,47,98.15,21.28
Multi-Krum,42,48,98.15,21.28
Multi-Krum,42,49,98.15,21.28
Multi-Krum,43,0,90.5,20.17
Multi-Krum,43,1,93.1,32.35
Multi-Krum,43,2,96.85,38.83
Multi-Krum,43,3,97.8,37.14
Multi-Krum,43,4,98.1,42.42
Multi-Krum,43,5,98.55,55.38
Multi-Krum,43,6,98.45,43.64
Multi-Krum,43,7,98.35,35.29
Multi-Krum,43,8,98.0,9.09
Multi-Krum,43,9,98.0,9.09
Multi-Krum,43,10,97.9,0.0
Multi-Krum,43,11,97.9,0.0
Multi-Krum,43,12,97.9,0.0
Multi-Krum,43,13,97.9,0.0
Multi-Krum,43,14,97.9,0.0
Multi-Krum,43,15,97.9,0.0
Multi-Krum,43,16,97.9,0.0
Multi-Krum,43,17,97.9,0.0
Multi-Krum,43,18,97.9,0.0
Multi-Krum,43,19,97.9,0.0
Multi-Krum,43,20,97.9,0.0
Multi-Krum,43,21,97.9,0.0
Multi-Krum,43,22,97.9,0.0
Multi-Krum,43,23,97.9,0.0
Multi-Krum,43,24,97.9,0.0
Multi-Krum,43,25,97.9,0.0
Multi-Krum,43,26,97.9,0.0
Multi-Krum,43,27,97.9,0.0
Multi-Krum,43,28,97.9,0.0
Multi-Krum,43,29,97.9,0.0
Multi-Krum,43,30,97.9,0.0
Multi-Krum,43,31,97.9,0.0
Multi-Krum,43,32,97.9,0.0
Multi-Krum,43,33,97.9,0.0
Multi-Krum,43,34,97.9,0.0
Multi-Krum,43,35,97.95,4.65
Multi-Krum,43,36,98.2,25.0
Multi-Krum,43,37,97.9,0.0
Multi-Krum,43,38,97.9,0.0
Multi-Krum,43,39,97.95,4.65
Multi-Krum,43,40,97.9,0.0
Multi-Krum,43,41,97.95,4.65
Multi-Krum,43,42,98.25,28.57
Multi-Krum,43,43,98.4,38.46
Multi-Krum,43,44,98.45,41.51
Multi-Krum,43,45,98.4,38.46
Multi-Krum,43,46,98.25,28.57
Multi-Krum,43,47,98.35,35.29
Multi-Krum,43,48,98.35,35.29
Multi-Krum,43,49,98.25,28.57
Multi-Krum,44,0,11.9,4.55
Multi-Krum,44,1,27.05,5.44
Multi-Krum,44,2,43.9,6.97
Multi-Krum,44,3,66.25,8.66
Multi-Krum,44,4,78.9,11.34
Multi-Krum,44,5,88.45,16.61
Multi-Krum,44,6,93.4,24.14
Multi-Krum,44,7,97.05,33.71
Multi-Krum,44,8,97.85,41.1
Multi-Krum,44,9,98.2,45.45
Multi-Krum,44,10,98.3,46.88
Multi-Krum,44,11,98.4,48.39
Multi-Krum,44,12,98.4,48.39
Multi-Krum,44,13,98.25,46.15
Multi-Krum,44,14,98.4,48.39
Multi-Krum,44,15,98.45,49.18
Multi-Krum,44,16,98.45,49.18
Multi-Krum,44,17,98.45,49.18
Multi-Krum,44,18,98.4,46.67
Multi-Krum,44,19,98.45,49.18
Multi-Krum,44,20,98.35,37.74
Multi-Krum,44,21,98.35,37.74
Multi-Krum,44,22,98.2,35.71
Multi-Krum,44,23,98.3,37.04
Multi-Krum,44,24,98.3,32.0
Multi-Krum,44,25,98.35,37.74
Multi-Krum,44,26,98.3,37.04
Multi-Krum,44,27,98.4,46.67
Multi-Krum,44,28,98.35,40.0
Multi-Krum,44,29,98.35,40.0
Multi-Krum,44,30,98.4,46.67
Multi-Krum,44,31,98.5,54.55
Multi-Krum,44,32,98.55,55.38
Multi-Krum,44,33,98.55,55.38
Multi-Krum,44,34,98.6,58.82
Multi-Krum,44,35,98.6,58.82
Multi-Krum,44,36,98.65,60.87
Multi-Krum,44,37,98.65,61.97
Multi-Krum,44,38,98.65,61.97
Multi-Krum,44,39,98.55,61.33
Multi-Krum,44,40,98.6,62.16
Multi-Krum,44,41,98.65,61.97
Multi-Krum,44,42,98.7,63.89
Multi-Krum,44,43,98.55,61.33
Multi-Krum,44,44,98.5,61.54
Multi-Krum,44,45,98.5,61.54
Multi-Krum,44,46,98.5,61.54
Multi-Krum,44,47,98.5,61.54
Multi-Krum,44,48,98.45,60.76
Multi-Krum,44,49,98.4,60.0
TrimmedMean,42,0,43.15,5.96
TrimmedMean,42,1,65.4,8.22
TrimmedMean,42,2,81.4,12.26
TrimmedMean,42,3,93.6,28.09
TrimmedMean,42,4,98.7,59.38
TrimmedMean,42,5,98.75,59.02
TrimmedMean,42,6,98.45,41.51
TrimmedMean,42,7,98.25,28.57
TrimmedMean,42,8,98.2,25.0
TrimmedMean,42,9,98.1,17.39
TrimmedMean,42,10,98.0,9.09
TrimmedMean,42,11,98.0,9.09
TrimmedMean,42,12,97.9,0.0
TrimmedMean,42,13,97.9,0.0
TrimmedMean,42,14,97.9,0.0
TrimmedMean,42,15,97.9,0.0
TrimmedMean,42,16,97.9,0.0
TrimmedMean,42,17,97.9,0.0
TrimmedMean,42,18,97.9,0.0
TrimmedMean,42,19,97.9,0.0
TrimmedMean,42,20,97.9,0.0
TrimmedMean,42,21,97.9,0.0
TrimmedMean,42,22,98.0,9.09
TrimmedMean,42,23,98.0,9.09
TrimmedMean,42,24,98.0,9.09
TrimmedMean,42,25,97.9,0.0
TrimmedMean,42,26,98.0,9.09
TrimmedMean,42,27,98.0,9.09
TrimmedMean,42,28,98.05,13.33
TrimmedMean,42,29,98.1,17.39
TrimmedMean,42,30,98.15,21.28
TrimmedMean,42,31,98.15,21.28
TrimmedMean,42,32,98.15,21.28
TrimmedMean,42,33,98.2,25.0
TrimmedMean,42,34,98.2,25.0
TrimmedMean,42,35,98.2,25.0
TrimmedMean,42,36,98.2,25.0
TrimmedMean,42,37,98.25,28.57
TrimmedMean,42,38,98.25,28.57
TrimmedMean,42,39,98.3,32.0
TrimmedMean,42,40,98.4,38.46
TrimmedMean,42,41,98.45,41.51
TrimmedMean,42,42,98.45,41.51
TrimmedMean,42,43,98.45,41.51
TrimmedMean,42,44,98.45,41.51
TrimmedMean,42,45,98.5,44.44
TrimmedMean,42,46,98.5,44.44
TrimmedMean,42,47,98.6,50.0
TrimmedMean,42,48,98.6,50.0
TrimmedMean,42,49,98.6,50.0
TrimmedMean,43,0,89.5,22.79
TrimmedMean,43,1,95.55,29.92
TrimmedMean,43,2,97.85,8.51
TrimmedMean,43,3,97.9,0.0
TrimmedMean,43,4,97.9,0.0
TrimmedMean,43,5,97.9,0.0
TrimmedMean,43,6,97.9,0.0
TrimmedMean,43,7,97.9,0.0
TrimmedMean,43,8,97.9,0.0
TrimmedMean,43,9,97.9,0.0
TrimmedMean,43,10,97.9,0.0
TrimmedMean,43,11,97.9,0.0
TrimmedMean,43,12,97.9,0.0
TrimmedMean,43,13,97.9,0.0
TrimmedMean,43,14,97.9,0.0
TrimmedMean,43,15,97.9,0.0
TrimmedMean,43,16,97.9,0.0
TrimmedMean,43,17,97.9,0.0
TrimmedMean,43,18,97.9,0.0
TrimmedMean,43,19,97.9,0.0
TrimmedMean,43,20,97.9,0.0
TrimmedMean,43,21,97.9,0.0
TrimmedMean,43,22,97.9,0.0
TrimmedMean,43,23,97.9,0.0
TrimmedMean,43,24,97.9,0.0
TrimmedMean,43,25,97.9,0.0
TrimmedMean,43,26,97.95,4.65
TrimmedMean,43,27,98.1,17.39
TrimmedMean,43,28,98.1,17.39
TrimmedMean,43,29,98.1,17.39
TrimmedMean,43,30,98.2,25.0
TrimmedMean,43,31,98.25,28.57
TrimmedMean,43,32,98.35,35.29
TrimmedMean,43,33,98.35,35.29
TrimmedMean,43,34,98.4,38.46
TrimmedMean,43,35,98.45,41.51
TrimmedMean,43,36,98.45,41.51
TrimmedMean,43,37,98.45,41.51
TrimmedMean,43,38,98.45,41.51
TrimmedMean,43,39,98.45,41.51
TrimmedMean,43,40,98.45,41.51
TrimmedMean,43,41,98.45,41.51
TrimmedMean,43,42,98.45,41.51
TrimmedMean,43,43,98.5,44.44
TrimmedMean,43,44,98.45,43.64
TrimmedMean,43,45,98.5,46.43
TrimmedMean,43,46,98.5,46.43
TrimmedMean,43,47,98.5,46.43
TrimmedMean,43,48,98.5,46.43
TrimmedMean,43,49,98.5,46.43
TrimmedMean,44,0,15.75,4.75
TrimmedMean,44,1,36.85,6.24
TrimmedMean,44,2,53.3,8.07
TrimmedMean,44,3,73.85,10.6
TrimmedMean,44,4,87.65,15.7
TrimmedMean,44,5,94.2,26.58
TrimmedMean,44,6,97.6,40.0
TrimmedMean,44,7,98.3,46.88
TrimmedMean,44,8,98.35,45.9
TrimmedMean,44,9,98.4,46.67
TrimmedMean,44,10,98.5,46.43
TrimmedMean,44,11,98.45,41.51
TrimmedMean,44,12,98.25,28.57
TrimmedMean,44,13,98.25,28.57
TrimmedMean,44,14,98.25,28.57
TrimmedMean,44,15,98.15,21.28
TrimmedMean,44,16,98.15,21.28
TrimmedMean,44,17,98.2,25.0
TrimmedMean,44,18,98.15,21.28
TrimmedMean,44,19,98.2,25.0
TrimmedMean,44,20,98.15,21.28
TrimmedMean,44,21,98.15,21.28
TrimmedMean,44,22,98.15,21.28
TrimmedMean,44,23,98.2,25.0
TrimmedMean,44,24,98.2,25.0
TrimmedMean,44,25,98.2,25.0
TrimmedMean,44,26,98.2,25.0
TrimmedMean,44,27,98.4,38.46
TrimmedMean,44,28,98.5,44.44
TrimmedMean,44,29,98.5,44.44
TrimmedMean,44,30,98.5,44.44
TrimmedMean,44,31,98.55,47.27
TrimmedMean,44,32,98.55,47.27
TrimmedMean,44,33,98.55,47.27
TrimmedMean,44,34,98.55,47.27
TrimmedMean,44,35,98.55,47.27
TrimmedMean,44,36,98.55,47.27
TrimmedMean,44,37,98.55,47.27
TrimmedMean,44,38,98.55,47.27
TrimmedMean,44,39,98.55,47.27
TrimmedMean,44,40,98.55,47.27
TrimmedMean,44,41,98.6,50.0
TrimmedMean,44,42,98.6,50.0
TrimmedMean,44,43,98.7,55.17
TrimmedMean,44,44,98.7,55.17
TrimmedMean,44,45,98.7,55.17
TrimmedMean,44,46,98.65,54.24
TrimmedMean,44,47,98.65,54.24
TrimmedMean,44,48,98.65,54.24
TrimmedMean,44,49,98.65,54.24
Bulyan,42,0,43.55,5.84
Bulyan,42,1,63.35,6.62
Bulyan,42,2,73.2,9.15
Bulyan,42,3,89.65,14.11
Bulyan,42,4,96.55,33.01
Bulyan,42,5,98.6,53.33
Bulyan,42,6,98.2,25.0
Bulyan,42,7,98.0,9.09
Bulyan,42,8,98.0,9.09
Bulyan,42,9,97.9,0.0
Bulyan,42,10,97.9,0.0
Bulyan,42,11,97.9,0.0
Bulyan,42,12,97.9,0.0
Bulyan,42,13,97.9,0.0
Bulyan,42,14,97.9,0.0
Bulyan,42,15,97.9,0.0
Bulyan,42,16,97.9,0.0
Bulyan,42,17,97.9,0.0
Bulyan,42,18,97.9,0.0
Bulyan,42,19,97.9,0.0
Bulyan,42,20,97.9,0.0
Bulyan,42,21,97.9,0.0
Bulyan,42,22,97.9,0.0
Bulyan,42,23,97.9,0.0
Bulyan,42,24,97.9,0.0
Bulyan,42,25,97.9,0.0
Bulyan,42,26,97.9,0.0
Bulyan,42,27,97.9,0.0
Bulyan,42,28,97.9,0.0
Bulyan,42,29,97.9,0.0
Bulyan,42,30,97.9,0.0
Bulyan,42,31,97.9,0.0
Bulyan,42,32,97.9,0.0
Bulyan,42,33,97.9,0.0
Bulyan,42,34,98.0,9.09
Bulyan,42,35,98.0,9.09
Bulyan,42,36,97.9,0.0
Bulyan,42,37,98.0,9.09
Bulyan,42,38,98.1,17.39
Bulyan,42,39,97.95,4.65
Bulyan,42,40,98.1,17.39
Bulyan,42,41,98.1,17.39
Bulyan,42,42,98.2,25.0
Bulyan,42,43,98.1,17.39
Bulyan,42,44,98.15,21.28
Bulyan,42,45,98.2,25.0
Bulyan,42,46,98.35,35.29
Bulyan,42,47,98.35,35.29
Bulyan,42,48,98.35,35.29
Bulyan,42,49,98.35,35.29
Bulyan,43,0,90.3,23.02
Bulyan,43,1,91.25,27.39
Bulyan,43,2,96.45,44.09
Bulyan,43,3,97.75,34.78
Bulyan,43,4,98.1,38.71
Bulyan,43,5,98.2,47.06
Bulyan,43,6,98.5,44.44
Bulyan,43,7,98.45,41.51
Bulyan,43,8,98.45,41.51
Bulyan,43,9,98.6,50.0
Bulyan,43,10,98.35,35.29
Bulyan,43,11,98.35,35.29
Bulyan,43,12,98.45,41.51
Bulyan,43,13,98.4,38.46
Bulyan,43,14,98.6,50.0
Bulyan,43,15,98.4,38.46
Bulyan,43,16,98.0,9.09
Bulyan,43,17,97.9,0.0
Bulyan,43,18,97.9,0.0
Bulyan,43,19,97.9,0.0
Bulyan,43,20,97.9,0.0
Bulyan,43,21,97.9,0.0
Bulyan,43,22,97.9,0.0
Bulyan,43,23,97.9,0.0
Bulyan,43,24,97.9,0.0
Bulyan,43,25,97.9,0.0
Bulyan,43,26,97.9,0.0
Bulyan,43,27,97.9,0.0
Bulyan,43,28,97.9,0.0
Bulyan,43,29,97.9,0.0
Bulyan,43,30,97.9,0.0
Bulyan,43,31,97.9,0.0
Bulyan,43,32,97.9,0.0
Bulyan,43,33,97.9,0.0
Bulyan,43,34,97.9,0.0
Bulyan,43,35,97.9,0.0
Bulyan,43,36,98.05,13.33
Bulyan,43,37,97.95,4.65
Bulyan,43,38,98.0,9.09
Bulyan,43,39,98.25,28.57
Bulyan,43,40,98.3,32.0
Bulyan,43,41,98.45,41.51
Bulyan,43,42,98.5,44.44
Bulyan,43,43,98.6,50.0
Bulyan,43,44,98.55,47.27
Bulyan,43,45,98.5,44.44
Bulyan,43,46,98.45,41.51
Bulyan,43,47,98.5,44.44
Bulyan,43,48,98.5,44.44
Bulyan,43,49,98.5,44.44
Bulyan,44,0,15.05,4.71
Bulyan,44,1,33.55,5.94
Bulyan,44,2,52.1,6.99
Bulyan,44,3,72.4,8.61
Bulyan,44,4,83.3,10.22
Bulyan,44,5,91.5,15.84
Bulyan,44,6,95.1,24.62
Bulyan,44,7,97.4,36.59
Bulyan,44,8,98.05,41.79
Bulyan,44,9,98.3,43.33
Bulyan,44,10,98.3,37.04
Bulyan,44,11,98.1,17.39
Bulyan,44,12,98.1,17.39
Bulyan,44,13,98.15,21.28
Bulyan,44,14,98.1,20.83
Bulyan,44,15,98.05,13.33
Bulyan,44,16,97.9,0.0
Bulyan,44,17,97.9,0.0
Bulyan,44,18,97.9,0.0
Bulyan,44,19,97.9,0.0
Bulyan,44,20,97.9,0.0
Bulyan,44,21,97.9,0.0
Bulyan,44,22,97.9,0.0
Bulyan,44,23,97.9,0.0
Bulyan,44,24,97.9,0.0
Bulyan,44,25,97.9,0.0
Bulyan,44,26,97.9,0.0
Bulyan,44,27,97.9,0.0
Bulyan,44,28,97.9,0.0
Bulyan,44,29,97.9,0.0
Bulyan,44,30,97.9,0.0
Bulyan,44,31,97.9,0.0
Bulyan,44,32,97.9,0.0
Bulyan,44,33,97.9,0.0
Bulyan,44,34,97.9,0.0
Bulyan,44,35,97.9,0.0
Bulyan,44,36,97.9,0.0
Bulyan,44,37,97.95,4.65
Bulyan,44,38,97.95,4.65
Bulyan,44,39,98.1,17.39
Bulyan,44,40,98.2,25.0
Bulyan,44,41,98.1,17.39
Bulyan,44,42,98.2,25.0
Bulyan,44,43,98.3,37.04
Bulyan,44,44,98.3,43.33
Bulyan,44,45,98.3,39.29
Bulyan,44,46,98.3,41.38
Bulyan,44,47,98.35,45.9
Bulyan,44,48,98.35,45.9
Bulyan,44,49,98.4,46.67
RFVIR,42,0,40.9,6.04
RFVIR,42,1,61.85,7.74
RFVIR,42,2,78.4,11.48
RFVIR,42,3,89.75,20.23
RFVIR,42,4,97.85,51.69
RFVIR,42,5,98.8,63.64
RFVIR,42,6,98.6,50.0
RFVIR,42,7,98.2,25.0
RFVIR,42,8,98.1,17.39
RFVIR,42,9,98.0,9.09
RFVIR,42,10,97.9,0.0
RFVIR,42,11,97.9,0.0
RFVIR,42,12,97.9,0.0
RFVIR,42,13,97.9,0.0
RFVIR,42,14,97.9,0.0
RFVIR,42,15,97.9,0.0
RFVIR,42,16,97.9,0.0
RFVIR,42,17,97.9,0.0
RFVIR,42,18,97.9,0.0
RFVIR,42,19,97.9,0.0
RFVIR,42,20,97.9,0.0
RFVIR,42,21,97.9,0.0
RFVIR,42,22,97.9,0.0
RFVIR,42,23,97.9,0.0
RFVIR,42,24,97.9,0.0
RFVIR,42,25,97.9,0.0
RFVIR,42,26,97.9,0.0
RFVIR,42,27,97.9,0.0
RFVIR,42,28,97.9,0.0
RFVIR,42,29,97.9,0.0
RFVIR,42,30,97.9,0.0
RFVIR,42,31,97.9,0.0
RFVIR,42,32,97.9,0.0
RFVIR,42,33,97.9,0.0
RFVIR,42,34,97.9,0.0
RFVIR,42,35,97.9,0.0
RFVIR,42,36,97.9,0.0
RFVIR,42,37,97.9,0.0
RFVIR,42,38,97.9,0.0
RFVIR,42,39,97.9,0.0
RFVIR,42,40,97.9,0.0
RFVIR,42,41,97.9,0.0
RFVIR,42,42,97.9,0.0
RFVIR,42,43,97.9,0.0
RFVIR,42,44,97.9,0.0
RFVIR,42,45,97.9,0.0
RFVIR,42,46,97.9,0.0
RFVIR,42,47,97.9,0.0
RFVIR,42,48,97.9,0.0
RFVIR,42,49,97.9,0.0
RFVIR,43,0,86.95,20.18
RFVIR,43,1,93.95,34.59
RFVIR,43,2,97.85,42.67
RFVIR,43,3,98.1,29.63
RFVIR,43,4,98.2,28.0
RFVIR,43,5,98.45,43.64
RFVIR,43,6,98.2,25.0
RFVIR,43,7,98.0,9.09
RFVIR,43,8,97.9,0.0
RFVIR,43,9,97.9,0.0
RFVIR,43,10,97.9,0.0
RFVIR,43,11,97.9,0.0
RFVIR,43,12,97.9,0.0
RFVIR,43,13,97.9,0.0
RFVIR,43,14,97.9,0.0
RFVIR,43,15,97.9,0.0
RFVIR,43,16,97.9,0.0
RFVIR,43,17,97.9,0.0
RFVIR,43,18,97.9,0.0
RFVIR,43,19,97.9,0.0
RFVIR,43,20,97.9,0.0
RFVIR,43,21,97.9,0.0
RFVIR,43,22,97.9,0.0
RFVIR,43,23,97.9,0.0
RFVIR,43,24,97.9,0.0
RFVIR,43,25,97.9,0.0
RFVIR,43,26,97.9,0.0
RFVIR,43,27,97.9,0.0
RFVIR,43,28,97.9,0.0
RFVIR,43,29,97.9,0.0
RFVIR,43,30,97.9,0.0
RFVIR,43,31,97.95,4.65
RFVIR,43,32,98.0,9.09
RFVIR,43,33,98.05,13.33
RFVIR,43,34,98.15,21.28
RFVIR,43,35,98.2,25.0
RFVIR,43,36,98.25,28.57
RFVIR,43,37,98.2,25.0
RFVIR,43,38,98.15,21.28
RFVIR,43,39,98.3,32.0
RFVIR,43,40,98.3,32.0
RFVIR,43,41,98.4,38.46
RFVIR,43,42,98.45,41.51
RFVIR,43,43,98.45,41.51
RFVIR,43,44,98.45,41.51
RFVIR,43,45,98.45,41.51
RFVIR,43,46,98.45,41.51
RFVIR,43,47,98.45,41.51
RFVIR,43,48,98.45,41.51
RFVIR,43,49,98.45,41.51
RFVIR,44,0,15.15,4.72
RFVIR,44,1,33.9,5.97
RFVIR,44,2,48.4,7.53
RFVIR,44,3,69.55,9.51
RFVIR,44,4,83.65,14.17
RFVIR,44,5,90.85,20.09
RFVIR,44,6,96.25,38.02
RFVIR,44,7,98.0,48.72
RFVIR,44,8,98.3,46.88
RFVIR,44,9,98.3,46.88
RFVIR,44,10,98.35,47.62
RFVIR,44,11,98.45,49.18
RFVIR,44,12,98.4,46.67
RFVIR,44,13,98.4,46.67
RFVIR,44,14,98.55,49.12
RFVIR,44,15,98.55,47.27
RFVIR,44,16,98.55,47.27
RFVIR,44,17,98.5,44.44
RFVIR,44,18,98.35,35.29
RFVIR,44,19,98.35,35.29
RFVIR,44,20,98.25,28.57
RFVIR,44,21,98.2,25.0
RFVIR,44,22,98.2,25.0
RFVIR,44,23,98.25,28.57
RFVIR,44,24,98.25,28.57
RFVIR,44,25,98.3,32.0
RFVIR,44,26,98.3,32.0
RFVIR,44,27,98.35,35.29
RFVIR,44,28,98.35,35.29
RFVIR,44,29,98.35,35.29
RFVIR,44,30,98.45,41.51
RFVIR,44,31,98.5,44.44
RFVIR,44,32,98.5,44.44
RFVIR,44,33,98.55,47.27
RFVIR,44,34,98.45,41.51
RFVIR,44,35,98.5,44.44
RFVIR,44,36,98.55,47.27
RFVIR,44,37,98.55,47.27
RFVIR,44,38,98.55,47.27
RFVIR,44,39,98.55,47.27
RFVIR,44,40,98.55,47.27
RFVIR,44,41,98.55,47.27
RFVIR,44,42,98.55,47.27
RFVIR,44,43,98.55,47.27
RFVIR,44,44,98.55,47.27
RFVIR,44,45,98.55,47.27
RFVIR,44,46,98.55,47.27
RFVIR,44,47,98.55,47.27
RFVIR,44,48,98.55,47.27
RFVIR,44,49,98.6,50.0
FLAME,42,0,43.8,6.02
FLAME,42,1,67.0,8.33
FLAME,42,2,83.15,13.37
FLAME,42,3,95.0,29.58
FLAME,42,4,98.5,55.88
FLAME,42,5,98.8,63.64
FLAME,42,6,98.9,66.67
FLAME,42,7,98.7,55.17
FLAME,42,8,98.7,55.17
FLAME,42,9,98.85,62.3
FLAME,42,10,98.4,38.46
FLAME,42,11,98.3,32.0
FLAME,42,12,98.3,32.0
FLAME,42,13,98.3,32.0
FLAME,42,14,98.3,32.0
FLAME,42,15,98.35,35.29
FLAME,42,16,98.3,32.0
FLAME,42,17,98.4,38.46
FLAME,42,18,98.5,44.44
FLAME,42,19,98.6,50.0
FLAME,42,20,98.75,59.02
FLAME,42,21,98.65,54.24
FLAME,42,22,98.7,56.67
FLAME,42,23,98.8,61.29
FLAME,42,24,98.85,63.49
FLAME,42,25,98.85,63.49
FLAME,42,26,98.8,63.64
FLAME,42,27,98.65,61.97
FLAME,42,28,98.8,64.71
FLAME,42,29,98.65,61.97
FLAME,42,30,98.65,61.97
FLAME,42,31,98.7,62.86
FLAME,42,32,98.65,61.97
FLAME,42,33,98.65,61.97
FLAME,42,34,98.65,61.97
FLAME,42,35,98.7,63.89
FLAME,42,36,98.7,63.89
FLAME,42,37,98.7,63.89
FLAME,42,38,98.7,63.89
FLAME,42,39,98.7,63.89
FLAME,42,40,98.7,63.89
FLAME,42,41,98.75,65.75
FLAME,42,42,98.75,65.75
FLAME,42,43,98.65,64.0
FLAME,42,44,98.65,64.0
FLAME,42,45,98.65,64.0
FLAME,42,46,98.55,62.34
FLAME,42,47,98.55,62.34
FLAME,42,48,98.55,62.34
FLAME,42,49,98.55,62.34
FLAME,43,0,90.75,23.24
FLAME,43,1,96.55,8.0
FLAME,43,2,97.85,0.0
FLAME,43,3,97.9,0.0
FLAME,43,4,97.9,0.0
FLAME,43,5,97.9,0.0
FLAME,43,6,97.9,0.0
FLAME,43,7,97.9,0.0
FLAME,43,8,97.9,0.0
FLAME,43,9,97.9,0.0
FLAME,43,10,97.9,0.0
FLAME,43,11,97.9,0.0
FLAME,43,12,97.9,0.0
FLAME,43,13,97.9,0.0
FLAME,43,14,97.9,0.0
FLAME,43,15,97.9,0.0
FLAME,43,16,97.9,0.0
FLAME,43,17,97.9,0.0
FLAME,43,18,97.9,0.0
FLAME,43,19,97.9,0.0
FLAME,43,20,97.95,4.65
FLAME,43,21,97.95,4.65
FLAME,43,22,98.05,13.33
FLAME,43,23,98.2,25.0
FLAME,43,24,98.3,32.0
FLAME,43,25,98.35,35.29
FLAME,43,26,98.4,38.46
FLAME,43,27,98.4,38.46
FLAME,43,28,98.4,38.46
FLAME,43,29,98.45,41.51
FLAME,43,30,98.45,41.51
FLAME,43,31,98.4,40.74
FLAME,43,32,98.4,40.74
FLAME,43,33,98.45,43.64
FLAME,43,34,98.5,46.43
FLAME,43,35,98.6,53.33
FLAME,43,36,98.6,53.33
FLAME,43,37,98.6,53.33
FLAME,43,38,98.8,64.71
FLAME,43,39,98.8,64.71
FLAME,43,40,98.8,64.71
FLAME,43,41,98.75,63.77
FLAME,43,42,98.75,63.77
FLAME,43,43,98.8,65.71
FLAME,43,44,98.8,65.71
FLAME,43,45,98.8,65.71
FLAME,43,46,98.8,65.71
FLAME,43,47,98.8,65.71
FLAME,43,48,98.8,65.71
FLAME,43,49,98.8,65.71
FLAME,44,0,17.25,4.83
FLAME,44,1,41.1,6.51
FLAME,44,2,60.65,7.52
FLAME,44,3,73.95,10.02
FLAME,44,4,88.45,14.13
FLAME,44,5,94.9,23.88
FLAME,44,6,98.05,41.79
FLAME,44,7,98.35,45.9
FLAME,44,8,98.35,45.9
FLAME,44,9,98.5,44.44
FLAME,44,10,98.45,41.51
FLAME,44,11,98.45,41.51
FLAME,44,12,98.25,28.57
FLAME,44,13,98.15,21.28
FLAME,44,14,98.25,28.57
FLAME,44,15,98.1,17.39
FLAME,44,16,98.2,25.0
FLAME,44,17,98.2,25.0
FLAME,44,18,98.25,28.57
FLAME,44,19,98.25,28.57
FLAME,44,20,98.45,41.51
FLAME,44,21,98.25,28.57
FLAME,44,22,98.45,41.51
FLAME,44,23,98.45,41.51
FLAME,44,24,98.45,41.51
FLAME,44,25,98.45,41.51
FLAME,44,26,98.5,44.44
FLAME,44,27,98.55,47.27
FLAME,44,28,98.55,47.27
FLAME,44,29,98.55,47.27
FLAME,44,30,98.55,47.27
FLAME,44,31,98.55,47.27
FLAME,44,32,98.55,47.27
FLAME,44,33,98.65,52.63
FLAME,44,34,98.65,52.63
FLAME,44,35,98.7,55.17
FLAME,44,36,98.75,57.63
FLAME,44,37,98.7,55.17
FLAME,44,38,98.65,52.63
FLAME,44,39,98.75,57.63
FLAME,44,40,98.7,55.17
FLAME,44,41,98.75,57.63
FLAME,44,42,98.7,56.67
FLAME,44,43,98.65,55.74
FLAME,44,44,98.65,55.74
FLAME,44,45,98.65,55.74
FLAME,44,46,98.65,55.74
FLAME,44,47,98.65,55.74
FLAME,44,48,98.65,55.74
FLAME,44,49,98.75,60.32
Ours,42,0,41.75,5.82
Ours,42,1,63.5,7.83
Ours,42,2,81.25,12.18
Ours,42,3,94.25,30.3
Ours,42,4,98.7,59.38
Ours,42,5,98.65,54.24
Ours,42,6,98.5,44.44
Ours,42,7,98.2,25.0
Ours,42,8,98.2,25.0
Ours,42,9,98.1,17.39
Ours,42,10,97.95,4.65
Ours,42,11,98.0,9.09
Ours,42,12,97.9,0.0
Ours,42,13,97.9,0.0
Ours,42,14,97.9,0.0
Ours,42,15,97.9,0.0
Ours,42,16,97.9,0.0
Ours,42,17,97.9,0.0
Ours,42,18,97.95,4.65
Ours,42,19,97.9,0.0
Ours,42,20,97.9,0.0
Ours,42,21,97.9,0.0
Ours,42,22,97.95,4.65
Ours,42,23,98.0,9.09
Ours,42,24,98.0,9.09
Ours,42,25,97.9,0.0
Ours,42,26,98.0,9.09
Ours,42,27,98.0,9.09
Ours,42,28,98.0,9.09
Ours,42,29,98.05,13.33
Ours,42,30,98.1,17.39
Ours,42,31,98.1,17.39
Ours,42,32,98.1,17.39
Ours,42,33,98.1,17.39
Ours,42,34,98.15,21.28
Ours,42,35,98.15,21.28
Ours,42,36,98.15,21.28
Ours,42,37,98.2,25.0
Ours,42,38,98.2,25.0
Ours,42,39,98.3,32.0
Ours,42,40,98.3,32.0
Ours,42,41,98.35,35.29
Ours,42,42,98.45,41.51
Ours,42,43,98.45,41.51
Ours,42,44,98.45,41.51
Ours,42,45,98.5,44.44
Ours,42,46,98.5,44.44
Ours,42,47,98.5,44.44
Ours,42,48,98.5,44.44
Ours,42,49,98.5,44.44
Ours,43,0,89.25,22.94
Ours,43,1,95.45,30.53
Ours,43,2,97.85,8.51
Ours,43,3,97.9,0.0
Ours,43,4,97.9,0.0
Ours,43,5,97.9,0.0
Ours,43,6,97.9,0.0
Ours,43,7,97.9,0.0
Ours,43,8,97.9,0.0
Ours,43,9,97.9,0.0
Ours,43,10,97.9,0.0
Ours,43,11,97.9,0.0
Ours,43,12,97.9,0.0
Ours,43,13,97.9,0.0
Ours,43,14,97.9,0.0
Ours,43,15,97.9,0.0
Ours,43,16,97.9,0.0
Ours,43,17,97.9,0.0
Ours,43,18,97.9,0.0
Ours,43,19,97.9,0.0
Ours,43,20,97.9,0.0
Ours,43,21,97.9,0.0
Ours,43,22,97.9,0.0
Ours,43,23,97.9,0.0
Ours,43,24,97.9,0.0
Ours,43,25,97.95,4.65
Ours,43,26,98.0,9.09
Ours,43,27,98.05,13.33
Ours,43,28,98.1,17.39
Ours,43,29,98.1,17.39
Ours,43,30,98.15,21.28
Ours,43,31,98.25,28.57
Ours,43,32,98.25,28.57
Ours,43,33,98.3,32.0
Ours,43,34,98.4,38.46
Ours,43,35,98.4,38.46
Ours,43,36,98.45,41.51
Ours,43,37,98.45,41.51
Ours,43,38,98.45,41.51
Ours,43,39,98.45,41.51
Ours,43,40,98.45,41.51
Ours,43,41,98.45,41.51
Ours,43,42,98.45,41.51
Ours,43,43,98.45,41.51
Ours,43,44,98.45,41.51
Ours,43,45,98.45,41.51
Ours,43,46,98.45,41.51
Ours,43,47,98.45,41.51
Ours,43,48,98.45,41.51
Ours,43,49,98.45,41.51
Ours,44,0,15.35,4.73
Ours,44,1,36.95,6.25
Ours,44,2,52.35,7.92
Ours,44,3,74.25,10.75
Ours,44,4,88.15,16.25
Ours,44,5,94.8,28.77
Ours,44,6,97.75,40.0
Ours,44,7,98.3,46.88
Ours,44,8,98.35,45.9
Ours,44,9,98.4,46.67
Ours,44,10,98.55,49.12
Ours,44,11,98.5,44.44
Ours,44,12,98.5,44.44
Ours,44,13,98.45,41.51
Ours,44,14,98.3,32.0
Ours,44,15,98.25,28.57
Ours,44,16,98.25,28.57
Ours,44,17,98.2,25.0
Ours,44,18,98.2,25.0
Ours,44,19,98.15,21.28
Ours,44,20,98.15,21.28
Ours,44,21,98.15,21.28
Ours,44,22,98.15,21.28
Ours,44,23,98.2,25.0
Ours,44,24,98.2,25.0
Ours,44,25,98.3,32.0
Ours,44,26,98.35,35.29
Ours,44,27,98.35,35.29
Ours,44,28,98.4,38.46
Ours,44,29,98.45,41.51
Ours,44,30,98.5,44.44
Ours,44,31,98.55,47.27
Ours,44,32,98.55,47.27
Ours,44,33,98.55,47.27
Ours,44,34,98.55,47.27
Ours,44,35,98.55,47.27
Ours,44,36,98.55,47.27
Ours,44,37,98.55,47.27
Ours,44,38,98.55,47.27
Ours,44,39,98.55,47.27
Ours,44,40,98.55,47.27
Ours,44,41,98.55,47.27
Ours,44,42,98.55,47.27
Ours,44,43,98.55,47.27
Ours,44,44,98.6,50.0
Ours,44,45,98.6,50.0
Ours,44,46,98.6,50.0
Ours,44,47,98.65,52.63
Ours,44,48,98.7,55.17
Ours,44,49,98.65,54.24
