attack,alpha,round,acc,f1
grad-p,0.01,0,40.0,15.13
grad-p,0.01,1,29.7,16.31
grad-p,0.01,2,27.05,17.24
grad-p,0.01,3,39.65,12.73
grad-p,0.01,4,53.45,13.23
grad-p,0.01,5,53.95,13.36
grad-p,0.01,6,43.2,12.75
grad-p,0.01,7,36.4,14.97
grad-p,0.01,8,15.55,19.91
grad-p,0.01,9,26.75,20.77
grad-p,0.01,10,30.3,20.89
grad-p,0.01,11,27.4,20.83
grad-p,0.01,12,21.8,20.93
grad-p,0.01,13,31.35,20.77
grad-p,0.01,14,39.6,23.93
grad-p,0.01,15,48.5,20.65
grad-p,0.01,16,55.2,18.69
grad-p,0.01,17,51.9,19.16
grad-p,0.01,18,50.95,19.26
grad-p,0.01,19,48.9,18.89
grad-p,0.01,20,48.6,18.8
grad-p,0.01,21,51.1,19.44
grad-p,0.01,22,46.45,19.29
grad-p,0.01,23,45.9,19.25
grad-p,0.01,24,53.45,15.59
grad-p,0.01,25,52.2,15.4
grad-p,0.01,26,50.7,16.01
grad-p,0.01,27,50.25,16.03
grad-p,0.01,28,48.35,16.36
grad-p,0.01,29,47.1,16.43
grad-p,0.01,30,45.45,16.4
grad-p,0.01,31,44.05,17.17
grad-p,0.01,32,45.2,16.72
grad-p,0.01,33,36.15,18.3
grad-p,0.01,34,34.85,18.51
grad-p,0.01,35,29.2,19.82
grad-p,0.01,36,30.15,19.3
grad-p,0.01,37,30.05,19.37
grad-p,0.01,38,30.6,19.49
grad-p,0.01,39,34.85,17.58
grad-p,0.01,40,32.55,18.88
grad-p,0.01,41,31.65,19.35
grad-p,0.01,42,30.2,19.4
grad-p,0.01,43,30.55,19.38
grad-p,0.01,44,29.7,19.57
grad-p,0.01,45,27.5,20.59
grad-p,0.01,46,27.15,20.6
grad-p,0.01,47,27.05,20.58
grad-p,0.01,48,26.05,20.61
grad-p,0.01,49,24.75,20.91
grad-p,0.05,0,12.15,20.25
grad-p,0.05,1,11.45,20.19
grad-p,0.05,2,12.1,20.31
grad-p,0.05,3,32.75,21.57
grad-p,0.05,4,42.8,23.32
grad-p,0.05,5,50.95,24.6
grad-p,0.05,6,54.05,24.73
grad-p,0.05,7,42.15,24.13
grad-p,0.05,8,22.55,22.43
grad-p,0.05,9,19.5,20.85
grad-p,0.05,10,38.9,24.47
grad-p,0.05,11,37.5,24.61
grad-p,0.05,12,44.1,26.64
grad-p,0.05,13,54.85,27.82
grad-p,0.05,14,55.8,28.25
grad-p,0.05,15,62.4,30.76
grad-p,0.05,16,63.55,31.16
grad-p,0.05,17,65.5,31.41
grad-p,0.05,18,53.1,29.26
grad-p,0.05,19,59.7,30.64
grad-p,0.05,20,53.5,29.86
grad-p,0.05,21,61.05,31.24
grad-p,0.05,22,65.3,32.09
grad-p,0.05,23,77.4,34.87
grad-p,0.05,24,80.65,36.66
grad-p,0.05,25,80.7,36.93
grad-p,0.05,26,81.65,37.26
grad-p,0.05,27,80.85,37.72
grad-p,0.05,28,80.4,37.78
grad-p,0.05,29,78.25,37.95
grad-p,0.05,30,80.35,37.72
grad-p,0.05,31,73.95,36.54
grad-p,0.05,32,79.45,38.01
grad-p,0.05,33,81.85,39.4
grad-p,0.05,34,82.05,39.46
grad-p,0.05,35,84.7,40.7
grad-p,0.05,36,86.95,37.71
grad-p,0.05,37,89.45,33.86
grad-p,0.05,38,90.5,30.15
grad-p,0.05,39,90.5,28.57
grad-p,0.05,40,90.45,26.82
grad-p,0.05,41,90.4,25.58
grad-p,0.05,42,90.4,25.58
grad-p,0.05,43,90.15,21.51
grad-p,0.05,44,89.95,18.62
grad-p,0.05,45,90.0,19.35
grad-p,0.05,46,89.7,14.88
grad-p,0.05,47,89.3,8.55
grad-p,0.05,48,88.95,2.64
grad-p,0.05,49,88.95,2.64
grad-p,0.1,0,39.2,22.94
grad-p,0.1,1,56.75,17.85
grad-p,0.1,2,73.65,16.75
grad-p,0.1,3,50.05,14.54
grad-p,0.1,4,52.75,15.25
grad-p,0.1,5,56.8,15.13
grad-p,0.1,6,51.55,15.07
grad-p,0.1,7,52.5,15.63
grad-p,0.1,8,50.65,14.84
grad-p,0.1,9,66.5,16.25
grad-p,0.1,10,73.8,19.88
grad-p,0.1,11,81.95,22.03
grad-p,0.1,12,82.05,22.13
grad-p,0.1,13,81.4,21.52
grad-p,0.1,14,88.55,4.18
grad-p,0.1,15,88.9,2.63
grad-p,0.1,16,88.85,0.89
grad-p,0.1,17,88.8,0.0
grad-p,0.1,18,88.8,0.0
grad-p,0.1,19,88.8,0.0
grad-p,0.1,20,88.8,0.0
grad-p,0.1,21,88.8,0.0
grad-p,0.1,22,88.8,0.0
grad-p,0.1,23,88.8,0.0
grad-p,0.1,24,88.8,0.0
grad-p,0.1,25,88.8,0.0
grad-p,0.1,26,88.8,0.0
grad-p,0.1,27,88.8,0.0
grad-p,0.1,28,88.8,0.0
grad-p,0.1,29,88.8,0.0
grad-p,0.1,30,88.8,0.0
grad-p,0.1,31,88.8,0.0
grad-p,0.1,32,88.8,0.0
grad-p,0.1,33,88.8,0.0
grad-p,0.1,34,88.8,0.0
grad-p,0.1,35,88.8,0.0
grad-p,0.1,36,88.8,0.0
grad-p,0.1,37,88.8,0.0
grad-p,0.1,38,88.8,0.0
grad-p,0.1,39,88.8,0.0
grad-p,0.1,40,88.8,0.0
grad-p,0.1,41,88.8,0.0
grad-p,0.1,42,88.8,0.0
grad-p,0.1,43,88.8,0.0
grad-p,0.1,44,88.8,0.0
grad-p,0.1,45,88.8,0.0
grad-p,0.1,46,88.8,0.0
grad-p,0.1,47,88.8,0.0
grad-p,0.1,48,88.8,0.0
grad-p,0.1,49,88.8,0.0
grad-p,0.2,0,62.35,17.16
grad-p,0.2,1,56.45,18.06
grad-p,0.2,2,73.75,21.99
grad-p,0.2,3,73.25,19.55
grad-p,0.2,4,84.0,21.18
grad-p,0.2,5,89.15,13.55
grad-p,0.2,6,88.85,3.46
grad-p,0.2,7,88.75,1.75
grad-p,0.2,8,88.8,0.0
grad-p,0.2,9,88.8,0.0
grad-p,0.2,10,88.8,0.0
grad-p,0.2,11,88.8,0.0
grad-p,0.2,12,88.8,0.0
grad-p,0.2,13,88.8,0.0
grad-p,0.2,14,88.8,0.0
grad-p,0.2,15,88.8,0.0
grad-p,0.2,16,88.8,0.0
grad-p,0.2,17,88.8,0.0
grad-p,0.2,18,88.8,0.0
grad-p,0.2,19,88.8,0.0
grad-p,0.2,20,88.8,0.0
grad-p,0.2,21,88.8,0.0
grad-p,0.2,22,88.8,0.0
grad-p,0.2,23,88.8,0.0
grad-p,0.2,24,88.8,0.0
grad-p,0.2,25,88.8,0.0
grad-p,0.2,26,88.8,0.0
grad-p,0.2,27,88.8,0.0
grad-p,0.2,28,88.8,0.0
grad-p,0.2,29,88.8,0.0
grad-p,0.2,30,88.8,0.0
grad-p,0.2,31,88.8,0.0
grad-p,0.2,32,88.8,0.0
grad-p,0.2,33,88.8,0.0
grad-p,0.2,34,88.85,0.89
grad-p,0.2,35,88.85,0.89
grad-p,0.2,36,88.85,0.89
grad-p,0.2,37,88.8,0.0
grad-p,0.2,38,88.8,0.0
grad-p,0.2,39,88.8,0.0
grad-p,0.2,40,88.85,0.89
grad-p,0.2,41,89.05,4.37
grad-p,0.2,42,88.85,0.89
grad-p,0.2,43,88.8,0.0
grad-p,0.2,44,88.8,0.0
grad-p,0.2,45,88.85,0.89
grad-p,0.2,46,88.8,0.0
grad-p,0.2,47,88.8,0.0
grad-p,0.2,48,88.8,0.0
grad-p,0.2,49,88.8,0.0
grad-p,0.5,0,46.3,22.17
grad-p,0.5,1,46.05,23.53
grad-p,0.5,2,66.85,24.57
grad-p,0.5,3,48.6,24.19
grad-p,0.5,4,74.7,28.53
grad-p,0.5,5,78.05,29.98
grad-p,0.5,6,76.15,28.7
grad-p,0.5,7,80.1,28.16
grad-p,0.5,8,84.3,30.84
grad-p,0.5,9,89.15,25.94
grad-p,0.5,10,88.75,10.36
grad-p,0.5,11,89.7,24.82
grad-p,0.5,12,89.85,17.14
grad-p,0.5,13,90.05,20.08
grad-p,0.5,14,90.05,20.08
grad-p,0.5,15,90.3,23.62
grad-p,0.5,16,90.3,23.62
grad-p,0.5,17,90.4,25.0
grad-p,0.5,18,90.3,23.62
grad-p,0.5,19,89.7,14.88
grad-p,0.5,20,89.2,6.9
grad-p,0.5,21,88.9,1.77
grad-p,0.5,22,88.9,1.77
grad-p,0.5,23,89.2,6.9
grad-p,0.5,24,89.25,7.73
grad-p,0.5,25,89.15,6.06
grad-p,0.5,26,89.15,6.06
grad-p,0.5,27,89.1,5.22
grad-p,0.5,28,89.15,6.06
grad-p,0.5,29,89.35,9.36
grad-p,0.5,30,89.9,17.89
grad-p,0.5,31,89.45,10.97
grad-p,0.5,32,89.4,10.17
grad-p,0.5,33,89.4,10.17
grad-p,0.5,34,89.5,11.76
grad-p,0.5,35,89.35,9.36
grad-p,0.5,36,89.8,16.39
grad-p,0.5,37,89.65,14.11
grad-p,0.5,38,89.95,18.62
grad-p,0.5,39,89.75,15.64
grad-p,0.5,40,89.75,15.64
grad-p,0.5,41,89.75,15.64
grad-p,0.5,42,89.9,17.89
grad-p,0.5,43,90.15,21.51
grad-p,0.5,44,90.2,22.22
grad-p,0.5,45,90.15,21.51
grad-p,0.5,46,90.2,22.22
grad-p,0.5,47,90.2,22.22
grad-p,0.5,48,90.2,22.22
grad-p,0.5,49,90.2,22.22
grad-p,1.0,0,24.7,20.82
grad-p,1.0,1,28.7,21.56
grad-p,1.0,2,30.95,21.13
grad-p,1.0,3,36.4,21.87
grad-p,1.0,4,48.3,25.61
grad-p,1.0,5,73.2,25.14
grad-p,1.0,6,76.95,28.97
grad-p,1.0,7,84.0,29.52
grad-p,1.0,8,85.95,29.57
grad-p,1.0,9,88.6,14.93
grad-p,1.0,10,89.05,4.37
grad-p,1.0,11,88.8,0.0
grad-p,1.0,12,88.8,0.0
grad-p,1.0,13,88.8,0.0
grad-p,1.0,14,88.8,0.0
grad-p,1.0,15,88.8,0.0
grad-p,1.0,16,88.8,0.0
grad-p,1.0,17,88.8,0.0
grad-p,1.0,18,88.8,0.0
grad-p,1.0,19,88.85,0.89
grad-p,1.0,20,88.9,1.77
grad-p,1.0,21,88.9,1.77
grad-p,1.0,22,89.0,3.51
grad-p,1.0,23,89.1,5.22
grad-p,1.0,24,90.1,20.8
grad-p,1.0,25,90.15,21.51
grad-p,1.0,26,90.1,20.8
grad-p,1.0,27,90.2,22.22
grad-p,1.0,28,90.25,22.92
grad-p,1.0,29,90.25,22.92
grad-p,1.0,30,90.3,23.62
grad-p,1.0,31,90.3,23.62
grad-p,1.0,32,90.3,23.62
grad-p,1.0,33,90.35,24.31
grad-p,1.0,34,90.35,24.31
grad-p,1.0,35,90.4,25.0
grad-p,1.0,36,90.35,24.31
grad-p,1.0,37,90.35,24.31
grad-p,1.0,38,90.2,22.22
grad-p,1.0,39,90.15,21.51
grad-p,1.0,40,90.2,22.22
grad-p,1.0,41,90.25,22.92
grad-p,1.0,42,90.3,23.62
grad-p,1.0,43,90.3,23.62
grad-p,1.0,44,90.3,23.62
grad-p,1.0,45,90.35,24.31
grad-p,1.0,46,90.35,24.31
grad-p,1.0,47,90.4,25.0
grad-p,1.0,48,90.45,25.68
grad-p,1.0,49,90.45,25.68
spf,0.01,0,26.65,20.32
spf,0.01,1,16.15,20.18
spf,0.01,2,14.1,20.09
spf,0.01,3,11.75,19.81
spf,0.01,4,14.95,20.25
spf,0.01,5,12.75,19.92
spf,0.01,6,11.15,19.92
spf,0.01,7,11.2,20.14
spf,0.01,8,11.2,20.14
spf,0.01,9,11.2,20.14
spf,0.01,10,11.2,20.14
spf,0.01,11,11.2,20.14
spf,0.01,12,11.2,20.14
spf,0.01,13,11.2,20.14
spf,0.01,14,11.2,20.14
spf,0.01,15,11.2,20.14
spf,0.01,16,11.2,20.14
spf,0.01,17,11.2,20.14
spf,0.01,18,11.2,20.14
spf,0.01,19,11.2,20.14
spf,0.01,20,11.2,20.14
spf,0.01,21,11.2,20.14
spf,0.01,22,11.2,20.14
spf,0.01,23,11.2,20.14
spf,0.01,24,11.2,20.14
spf,0.01,25,11.2,20.14
spf,0.01,26,11.2,20.14
spf,0.01,27,11.2,20.14
spf,0.01,28,11.2,20.14
spf,0.01,29,11.2,20.14
spf,0.01,30,11.2,20.14
spf,0.01,31,11.2,20.14
spf,0.01,32,11.2,20.14
spf,0.01,33,11.2,20.14
spf,0.01,34,11.2,20.14
spf,0.01,35,11.2,20.14
spf,0.01,36,11.2,20.14
spf,0.01,37,11.2,20.14
spf,0.01,38,11.2,20.14
spf,0.01,39,11.2,20.14
spf,0.01,40,11.2,20.14
spf,0.01,41,11.2,20.14
spf,0.01,42,11.2,20.14
spf,0.01,43,11.2,20.14
spf,0.01,44,11.2,20.14
spf,0.01,45,11.2,20.14
spf,0.01,46,11.2,20.14
spf,0.01,47,11.2,20.14
spf,0.01,48,11.2,20.14
spf,0.01,49,11.2,20.14
spf,0.05,0,25.35,20.54
spf,0.05,1,28.6,20.67
spf,0.05,2,33.8,21.1
spf,0.05,3,40.6,22.05
spf,0.05,4,52.1,23.24
spf,0.05,5,64.4,25.52
spf,0.05,6,76.1,27.36
spf,0.05,7,71.35,27.01
spf,0.05,8,71.85,29.71
spf,0.05,9,71.2,30.1
spf,0.05,10,82.9,32.41
spf,0.05,11,85.5,32.56
spf,0.05,12,87.75,29.8
spf,0.05,13,90.25,24.12
spf,0.05,14,89.95,24.72
spf,0.05,15,90.2,25.19
spf,0.05,16,90.15,25.66
spf,0.05,17,90.2,25.19
spf,0.05,18,90.25,25.29
spf,0.05,19,90.3,23.62
spf,0.05,20,90.35,25.48
spf,0.05,21,89.75,15.64
spf,0.05,22,89.2,6.9
spf,0.05,23,88.8,0.0
spf,0.05,24,88.8,0.0
spf,0.05,25,88.8,0.0
spf,0.05,26,88.8,0.0
spf,0.05,27,88.8,0.0
spf,0.05,28,88.8,0.0
spf,0.05,29,88.8,0.0
spf,0.05,30,88.8,0.0
spf,0.05,31,88.8,0.0
spf,0.05,32,88.8,0.0
spf,0.05,33,88.8,0.0
spf,0.05,34,88.8,0.0
spf,0.05,35,88.8,0.0
spf,0.05,36,88.8,0.0
spf,0.05,37,88.8,0.0
spf,0.05,38,88.8,0.0
spf,0.05,39,88.8,0.0
spf,0.05,40,88.8,0.0
spf,0.05,41,88.8,0.0
spf,0.05,42,88.8,0.0
spf,0.05,43,88.8,0.0
spf,0.05,44,88.8,0.0
spf,0.05,45,88.8,0.0
spf,0.05,46,88.8,0.0
spf,0.05,47,88.8,0.0
spf,0.05,48,88.8,0.0
spf,0.05,49,88.8,0.0
spf,0.1,0,46.25,20.78
spf,0.1,1,55.4,21.62
spf,0.1,2,64.6,21.33
spf,0.1,3,77.8,23.71
spf,0.1,4,83.75,26.3
spf,0.1,5,88.6,26.45
spf,0.1,6,88.9,25.0
spf,0.1,7,89.95,23.57
spf,0.1,8,90.0,19.35
spf,0.1,9,89.8,16.39
spf,0.1,10,89.25,7.73
spf,0.1,11,88.95,2.64
spf,0.1,12,88.8,0.0
spf,0.1,13,88.85,0.89
spf,0.1,14,88.9,1.77
spf,0.1,15,88.8,0.0
spf,0.1,16,88.8,0.0
spf,0.1,17,88.8,0.0
spf,0.1,18,88.8,0.0
spf,0.1,19,88.8,0.0
spf,0.1,20,88.8,0.0
spf,0.1,21,88.8,0.0
spf,0.1,22,88.8,0.0
spf,0.1,23,88.8,0.0
spf,0.1,24,88.8,0.0
spf,0.1,25,88.8,0.0
spf,0.1,26,88.8,0.0
spf,0.1,27,88.8,0.0
spf,0.1,28,88.8,0.0
spf,0.1,29,88.8,0.0
spf,0.1,30,88.8,0.0
spf,0.1,31,88.8,0.0
spf,0.1,32,88.8,0.0
spf,0.1,33,88.8,0.0
spf,0.1,34,88.8,0.0
spf,0.1,35,88.8,0.0
spf,0.1,36,88.8,0.0
spf,0.1,37,88.8,0.0
spf,0.1,38,88.8,0.0
spf,0.1,39,88.8,0.0
spf,0.1,40,88.8,0.0
spf,0.1,41,88.8,0.0
spf,0.1,42,88.8,0.0
spf,0.1,43,88.8,0.0
spf,0.1,44,88.8,0.0
spf,0.1,45,88.8,0.0
spf,0.1,46,88.8,0.0
spf,0.1,47,88.8,0.0
spf,0.1,48,88.8,0.0
spf,0.1,49,88.8,0.0
spf,0.2,0,38.45,20.73
spf,0.2,1,48.5,21.37
spf,0.2,2,55.65,23.07
spf,0.2,3,65.25,24.21
spf,0.2,4,76.0,27.05
spf,0.2,5,86.3,28.27
spf,0.2,6,89.05,27.24
spf,0.2,7,89.45,24.37
spf,0.2,8,90.1,25.56
spf,0.2,9,90.35,25.48
spf,0.2,10,90.3,23.62
spf,0.2,11,90.3,23.62
spf,0.2,12,90.2,22.22
spf,0.2,13,90.2,22.22
spf,0.2,14,90.2,22.22
spf,0.2,15,90.25,22.92
spf,0.2,16,90.3,23.62
spf,0.2,17,90.2,22.22
spf,0.2,18,90.2,22.22
spf,0.2,19,90.25,22.92
spf,0.2,20,90.2,22.22
spf,0.2,21,90.2,22.22
spf,0.2,22,90.15,21.51
spf,0.2,23,90.15,21.51
spf,0.2,24,90.05,20.08
spf,0.2,25,90.0,19.35
spf,0.2,26,90.0,19.35
spf,0.2,27,90.0,19.35
spf,0.2,28,89.95,18.62
spf,0.2,29,89.7,14.88
spf,0.2,30,89.65,14.11
spf,0.2,31,89.65,14.11
spf,0.2,32,89.6,13.33
spf,0.2,33,89.65,14.11
spf,0.2,34,89.65,14.11
spf,0.2,35,89.65,14.11
spf,0.2,36,89.6,13.33
spf,0.2,37,89.65,14.11
spf,0.2,38,89.65,14.11
spf,0.2,39,89.6,13.33
spf,0.2,40,89.6,13.33
spf,0.2,41,89.65,14.11
spf,0.2,42,89.6,13.33
spf,0.2,43,89.6,13.33
spf,0.2,44,89.6,13.33
spf,0.2,45,89.6,13.33
spf,0.2,46,89.55,12.55
spf,0.2,47,89.55,12.55
spf,0.2,48,89.55,12.55
spf,0.2,49,89.55,12.55
spf,0.5,0,42.75,20.76
spf,0.5,1,57.05,22.54
spf,0.5,2,71.8,26.56
spf,0.5,3,82.25,29.14
spf,0.5,4,85.85,30.12
spf,0.5,5,88.6,29.19
spf,0.5,6,89.45,26.99
spf,0.5,7,90.3,26.52
spf,0.5,8,90.35,25.48
spf,0.5,9,90.35,25.48
spf,0.5,10,90.4,25.0
spf,0.5,11,90.4,25.0
spf,0.5,12,90.4,25.0
spf,0.5,13,90.25,22.92
spf,0.5,14,90.25,22.92
spf,0.5,15,90.25,22.92
spf,0.5,16,90.25,22.92
spf,0.5,17,90.25,22.92
spf,0.5,18,90.25,22.92
spf,0.5,19,90.25,22.92
spf,0.5,20,90.25,22.92
spf,0.5,21,90.25,22.92
spf,0.5,22,90.25,22.92
spf,0.5,23,90.25,22.92
spf,0.5,24,90.25,22.92
spf,0.5,25,90.25,22.92
spf,0.5,26,90.25,22.92
spf,0.5,27,90.25,22.92
spf,0.5,28,90.25,22.92
spf,0.5,29,90.3,23.62
spf,0.5,30,90.3,23.62
spf,0.5,31,90.3,23.62
spf,0.5,32,90.3,23.62
spf,0.5,33,90.3,23.62
spf,0.5,34,90.3,23.62
spf,0.5,35,90.3,23.62
spf,0.5,36,90.3,23.62
spf,0.5,37,90.3,23.62
spf,0.5,38,90.3,23.62
spf,0.5,39,90.3,23.62
spf,0.5,40,90.3,23.62
spf,0.5,41,90.3,23.62
spf,0.5,42,90.3,23.62
spf,0.5,43,90.3,23.62
spf,0.5,44,90.35,24.31
spf,0.5,45,90.35,24.31
spf,0.5,46,90.35,24.31
spf,0.5,47,90.35,24.31
spf,0.5,48,90.35,24.31
spf,0.5,49,90.35,24.31
spf,1.0,0,45.4,21.21
spf,1.0,1,57.7,22.95
spf,1.0,2,71.65,27.21
spf,1.0,3,80.5,33.22
spf,1.0,4,83.25,35.2
spf,1.0,5,86.0,35.19
spf,1.0,6,87.9,33.15
spf,1.0,7,88.65,30.58
spf,1.0,8,89.0,30.38
spf,1.0,9,89.5,29.53
spf,1.0,10,90.0,26.47
spf,1.0,11,90.35,27.17
spf,1.0,12,90.45,27.38
spf,1.0,13,90.45,26.82
spf,1.0,14,90.45,26.82
spf,1.0,15,90.45,26.82
spf,1.0,16,90.45,26.82
spf,1.0,17,90.5,26.92
spf,1.0,18,90.55,27.59
spf,1.0,19,90.55,27.59
spf,1.0,20,90.55,27.59
spf,1.0,21,90.6,28.24
spf,1.0,22,90.6,28.24
spf,1.0,23,90.6,28.24
spf,1.0,24,90.6,28.24
spf,1.0,25,90.6,28.24
spf,1.0,26,90.6,28.24
spf,1.0,27,90.6,28.24
spf,1.0,28,90.6,28.24
spf,1.0,29,90.6,28.24
spf,1.0,30,90.6,28.24
spf,1.0,31,90.6,28.24
spf,1.0,32,90.6,28.24
spf,1.0,33,90.6,28.24
spf,1.0,34,90.6,28.24
spf,1.0,35,90.6,28.24
spf,1.0,36,90.6,28.24
spf,1.0,37,90.6,28.24
spf,1.0,38,90.6,28.24
spf,1.0,39,90.65,28.9
spf,1.0,40,90.7,29.55
spf,1.0,41,90.7,29.55
spf,1.0,42,90.7,29.55
spf,1.0,43,90.7,29.55
spf,1.0,44,90.7,29.55
spf,1.0,45,90.7,29.55
spf,1.0,46,90.7,29.55
spf,1.0,47,90.7,29.55
spf,1.0,48,90.7,29.55
spf,1.0,49,90.7,29.55
lfp,0.01,0,30.9,20.48
lfp,0.01,1,17.5,20.37
lfp,0.01,2,14.65,20.05
lfp,0.01,3,12.95,19.95
lfp,0.01,4,19.25,20.72
lfp,0.01,5,15.7,20.17
lfp,0.01,6,12.05,20.01
lfp,0.01,7,11.2,20.14
lfp,0.01,8,11.2,20.14
lfp,0.01,9,11.2,20.14
lfp,0.01,10,11.2,20.14
lfp,0.01,11,11.2,20.14
lfp,0.01,12,11.2,20.14
lfp,0.01,13,11.2,20.14
lfp,0.01,14,11.2,20.14
lfp,0.01,15,11.2,20.14
lfp,0.01,16,11.2,20.14
lfp,0.01,17,11.2,20.14
lfp,0.01,18,11.2,20.14
lfp,0.01,19,11.2,20.14
lfp,0.01,20,11.2,20.14
lfp,0.01,21,11.2,20.14
lfp,0.01,22,11.2,20.14
lfp,0.01,23,11.2,20.14
lfp,0.01,24,11.2,20.14
lfp,0.01,25,11.2,20.14
lfp,0.01,26,11.2,20.14
lfp,0.01,27,11.2,20.14
lfp,0.01,28,11.2,20.14
lfp,0.01,29,11.2,20.14
lfp,0.01,30,11.2,20.14
lfp,0.01,31,11.2,20.14
lfp,0.01,32,11.2,20.14
lfp,0.01,33,11.2,20.14
lfp,0.01,34,11.2,20.14
lfp,0.01,35,11.2,20.14
lfp,0.01,36,11.2,20.14
lfp,0.01,37,11.2,20.14
lfp,0.01,38,11.2,20.14
lfp,0.01,39,11.2,20.14
lfp,0.01,40,11.2,20.14
lfp,0.01,41,11.2,20.14
lfp,0.01,42,11.2,20.14
lfp,0.01,43,11.2,20.14
lfp,0.01,44,11.2,20.14
lfp,0.01,45,11.2,20.14
lfp,0.01,46,11.2,20.14
lfp,0.01,47,11.2,20.14
lfp,0.01,48,11.2,20.14
lfp,0.01,49,11.2,20.14
lfp,0.05,0,27.75,20.47
lfp,0.05,1,32.25,21.18
lfp,0.05,2,37.8,21.46
lfp,0.05,3,48.0,22.04
lfp,0.05,4,59.7,23.82
lfp,0.05,5,69.85,26.01
lfp,0.05,6,79.55,27.87
lfp,0.05,7,75.25,27.95
lfp,0.05,8,83.5,30.08
lfp,0.05,9,88.15,29.67
lfp,0.05,10,90.1,25.0
lfp,0.05,11,89.95,25.28
lfp,0.05,12,90.25,25.29
lfp,0.05,13,89.8,16.39
lfp,0.05,14,89.8,16.39
lfp,0.05,15,89.75,15.64
lfp,0.05,16,89.8,16.39
lfp,0.05,17,89.8,16.39
lfp,0.05,18,89.9,17.89
lfp,0.05,19,89.5,11.76
lfp,0.05,20,89.9,17.89
lfp,0.05,21,89.15,6.06
lfp,0.05,22,88.8,0.0
lfp,0.05,23,88.8,0.0
lfp,0.05,24,88.8,0.0
lfp,0.05,25,88.8,0.0
lfp,0.05,26,88.8,0.0
lfp,0.05,27,88.8,0.0
lfp,0.05,28,88.8,0.0
lfp,0.05,29,88.8,0.0
lfp,0.05,30,88.8,0.0
lfp,0.05,31,88.8,0.0
lfp,0.05,32,88.8,0.0
lfp,0.05,33,88.8,0.0
lfp,0.05,34,88.85,0.89
lfp,0.05,35,88.85,0.89
lfp,0.05,36,88.85,0.89
lfp,0.05,37,89.15,6.06
lfp,0.05,38,89.25,7.73
lfp,0.05,39,89.3,8.55
lfp,0.05,40,89.3,8.55
lfp,0.05,41,89.0,3.51
lfp,0.05,42,89.0,3.51
lfp,0.05,43,88.9,1.77
lfp,0.05,44,88.8,0.0
lfp,0.05,45,88.95,2.64
lfp,0.05,46,89.05,4.37
lfp,0.05,47,88.8,0.0
lfp,0.05,48,88.8,0.0
lfp,0.05,49,88.8,0.0
lfp,0.1,0,45.65,20.83
lfp,0.1,1,53.1,21.18
lfp,0.1,2,62.3,22.43
lfp,0.1,3,72.35,23.51
lfp,0.1,4,79.35,24.5
lfp,0.1,5,86.9,26.4
lfp,0.1,6,89.5,23.36
lfp,0.1,7,90.05,21.34
lfp,0.1,8,89.65,14.11
lfp,0.1,9,89.45,10.97
lfp,0.1,10,88.9,1.77
lfp,0.1,11,88.8,0.0
lfp,0.1,12,88.8,0.0
lfp,0.1,13,88.8,0.0
lfp,0.1,14,88.8,0.0
lfp,0.1,15,88.8,0.0
lfp,0.1,16,88.8,0.0
lfp,0.1,17,88.8,0.0
lfp,0.1,18,88.8,0.0
lfp,0.1,19,88.8,0.0
lfp,0.1,20,88.8,0.0
lfp,0.1,21,88.8,0.0
lfp,0.1,22,88.8,0.0
lfp,0.1,23,88.8,0.0
lfp,0.1,24,88.8,0.0
lfp,0.1,25,88.8,0.0
lfp,0.1,26,88.8,0.0
lfp,0.1,27,88.8,0.0
lfp,0.1,28,88.8,0.0
lfp,0.1,29,88.8,0.0
lfp,0.1,30,88.8,0.0
lfp,0.1,31,88.8,0.0
lfp,0.1,32,88.8,0.0
lfp,0.1,33,88.8,0.0
lfp,0.1,34,88.8,0.0
lfp,0.1,35,88.8,0.0
lfp,0.1,36,88.8,0.0
lfp,0.1,37,88.8,0.0
lfp,0.1,38,88.8,0.0
lfp,0.1,39,88.8,0.0
lfp,0.1,40,88.8,0.0
lfp,0.1,41,88.8,0.0
lfp,0.1,42,88.8,0.0
lfp,0.1,43,88.8,0.0
lfp,0.1,44,88.8,0.0
lfp,0.1,45,88.8,0.0
lfp,0.1,46,88.8,0.0
lfp,0.1,47,88.8,0.0
lfp,0.1,48,88.8,0.0
lfp,0.1,49,88.8,0.0
lfp,0.2,0,37.65,20.62
lfp,0.2,1,47.4,21.26
lfp,0.2,2,53.35,22.44
lfp,0.2,3,64.1,23.78
lfp,0.2,4,73.75,26.37
lfp,0.2,5,84.7,27.83
lfp,0.2,6,88.1,28.74
lfp,0.2,7,88.35,29.18
lfp,0.2,8,89.05,27.24
lfp,0.2,9,89.05,26.76
lfp,0.2,10,89.9,26.28
lfp,0.2,11,90.2,25.19
lfp,0.2,12,90.3,25.38
lfp,0.2,13,90.35,25.48
lfp,0.2,14,90.35,25.48
lfp,0.2,15,90.35,25.48
lfp,0.2,16,90.35,25.48
lfp,0.2,17,90.4,25.0
lfp,0.2,18,90.35,24.31
lfp,0.2,19,90.35,24.31
lfp,0.2,20,90.3,23.62
lfp,0.2,21,90.3,23.62
lfp,0.2,22,90.3,23.62
lfp,0.2,23,90.25,22.92
lfp,0.2,24,90.25,22.92
lfp,0.2,25,90.25,22.92
lfp,0.2,26,90.25,22.92
lfp,0.2,27,90.25,22.92
lfp,0.2,28,90.2,22.22
lfp,0.2,29,90.2,22.22
lfp,0.2,30,90.05,20.08
lfp,0.2,31,90.05,20.08
lfp,0.2,32,89.95,18.62
lfp,0.2,33,89.9,17.89
lfp,0.2,34,89.9,17.89
lfp,0.2,35,89.9,17.89
lfp,0.2,36,89.8,16.39
lfp,0.2,37,90.0,19.35
lfp,0.2,38,90.0,19.35
lfp,0.2,39,90.0,19.35
lfp,0.2,40,90.0,19.35
lfp,0.2,41,90.2,22.22
lfp,0.2,42,90.0,19.35
lfp,0.2,43,89.95,18.62
lfp,0.2,44,89.9,17.89
lfp,0.2,45,89.85,17.14
lfp,0.2,46,89.75,15.64
lfp,0.2,47,89.65,14.11
lfp,0.2,48,89.7,14.88
lfp,0.2,49,89.65,14.11
lfp,0.5,0,42.3,20.63
lfp,0.5,1,55.05,22.3
lfp,0.5,2,68.7,25.48
lfp,0.5,3,81.4,30.34
lfp,0.5,4,84.8,32.14
lfp,0.5,5,87.55,29.46
lfp,0.5,6,89.15,27.91
lfp,0.5,7,89.85,26.18
lfp,0.5,8,90.45,27.38
lfp,0.5,9,90.35,25.48
lfp,0.5,10,90.4,25.58
lfp,0.5,11,90.35,24.9
lfp,0.5,12,90.4,25.0
lfp,0.5,13,90.3,23.62
lfp,0.5,14,90.25,22.92
lfp,0.5,15,90.25,22.92
lfp,0.5,16,90.25,22.92
lfp,0.5,17,90.25,22.92
lfp,0.5,18,90.25,22.92
lfp,0.5,19,90.25,22.92
lfp,0.5,20,90.25,22.92
lfp,0.5,21,90.25,22.92
lfp,0.5,22,90.25,22.92
lfp,0.5,23,90.25,22.92
lfp,0.5,24,90.3,23.62
lfp,0.5,25,90.3,23.62
lfp,0.5,26,90.3,23.62
lfp,0.5,27,90.3,23.62
lfp,0.5,28,90.3,23.62
lfp,0.5,29,90.3,23.62
lfp,0.5,30,90.3,23.62
lfp,0.5,31,90.3,23.62
lfp,0.5,32,90.3,23.62
lfp,0.5,33,90.3,23.62
lfp,0.5,34,90.3,23.62
lfp,0.5,35,90.3,23.62
lfp,0.5,36,90.3,23.62
lfp,0.5,37,90.3,23.62
lfp,0.5,38,90.3,23.62
lfp,0.5,39,90.3,23.62
lfp,0.5,40,90.35,24.31
lfp,0.5,41,90.35,24.31
lfp,0.5,42,90.35,24.31
lfp,0.5,43,90.35,24.31
lfp,0.5,44,90.35,24.31
lfp,0.5,45,90.35,24.31
lfp,0.5,46,90.35,24.31
lfp,0.5,47,90.35,24.31
lfp,0.5,48,90.35,24.31
lfp,0.5,49,90.35,24.31
lfp,1.0,0,43.95,21.22
lfp,1.0,1,55.6,22.78
lfp,1.0,2,69.3,26.56
lfp,1.0,3,77.95,31.2
lfp,1.0,4,81.25,33.39
lfp,1.0,5,85.55,34.47
lfp,1.0,6,88.05,34.52
lfp,1.0,7,88.45,29.36
lfp,1.0,8,88.65,29.72
lfp,1.0,9,89.3,30.52
lfp,1.0,10,89.65,27.87
lfp,1.0,11,90.2,26.87
lfp,1.0,12,90.35,27.17
lfp,1.0,13,90.45,27.38
lfp,1.0,14,90.45,26.82
lfp,1.0,15,90.45,26.82
lfp,1.0,16,90.45,26.82
lfp,1.0,17,90.45,26.82
lfp,1.0,18,90.45,26.82
lfp,1.0,19,90.5,26.92
lfp,1.0,20,90.5,26.92
lfp,1.0,21,90.5,26.92
lfp,1.0,22,90.5,26.92
lfp,1.0,23,90.55,27.03
lfp,1.0,24,90.6,27.69
lfp,1.0,25,90.6,27.69
lfp,1.0,26,90.6,27.69
lfp,1.0,27,90.55,27.03
lfp,1.0,28,90.55,27.03
lfp,1.0,29,90.55,27.03
lfp,1.0,30,90.6,27.69
lfp,1.0,31,90.65,28.35
lfp,1.0,32,90.65,28.35
lfp,1.0,33,90.65,28.35
lfp,1.0,34,90.65,28.35
lfp,1.0,35,90.65,28.35
lfp,1.0,36,90.65,28.35
lfp,1.0,37,90.65,28.35
lfp,1.0,38,90.65,28.35
lfp,1.0,39,90.65,28.35
lfp,1.0,40,90.65,28.35
lfp,1.0,41,90.65,28.35
lfp,1.0,42,90.65,28.35
lfp,1.0,43,90.7,29.01
lfp,1.0,44,90.7,29.01
lfp,1.0,45,90.7,29.01
lfp,1.0,46,90.7,29.01
lfp,1.0,47,90.7,29.01
lfp,1.0,48,90.75,29.66
lfp,1.0,49,90.75,29.66
ooa,0.01,0,26.6,20.3
ooa,0.01,1,16.1,20.17
ooa,0.01,2,14.05,20.08
ooa,0.01,3,11.7,19.95
ooa,0.01,4,15.0,20.26
ooa,0.01,5,12.9,19.94
ooa,0.01,6,11.15,20.06
ooa,0.01,7,11.2,20.14
ooa,0.01,8,11.2,20.14
ooa,0.01,9,11.2,20.14
ooa,0.01,10,11.2,20.14
ooa,0.01,11,11.2,20.14
ooa,0.01,12,11.2,20.14
ooa,0.01,13,11.2,20.14
ooa,0.01,14,11.2,20.14
ooa,0.01,15,11.2,20.14
ooa,0.01,16,11.2,20.14
ooa,0.01,17,11.2,20.14
ooa,0.01,18,11.2,20.14
ooa,0.01,19,11.2,20.14
ooa,0.01,20,11.2,20.14
ooa,0.01,21,11.2,20.14
ooa,0.01,22,11.2,20.14
ooa,0.01,23,11.2,20.14
ooa,0.01,24,11.2,20.14
ooa,0.01,25,11.2,20.14
ooa,0.01,26,11.2,20.14
ooa,0.01,27,11.2,20.14
ooa,0.01,28,11.2,20.14
ooa,0.01,29,11.2,20.14
ooa,0.01,30,11.2,20.14
ooa,0.01,31,11.2,20.14
ooa,0.01,32,11.2,20.14
ooa,0.01,33,11.2,20.14
ooa,0.01,34,11.2,20.14
ooa,0.01,35,11.2,20.14
ooa,0.01,36,11.2,20.14
ooa,0.01,37,11.2,20.14
ooa,0.01,38,11.2,20.14
ooa,0.01,39,11.2,20.14
ooa,0.01,40,11.2,20.14
ooa,0.01,41,11.2,20.14
ooa,0.01,42,11.2,20.14
ooa,0.01,43,11.2,20.14
ooa,0.01,44,11.2,20.14
ooa,0.01,45,11.2,20.14
ooa,0.01,46,11.2,20.14
ooa,0.01,47,11.2,20.14
ooa,0.01,48,11.2,20.14
ooa,0.01,49,11.2,20.14
ooa,0.05,0,25.35,20.54
ooa,0.05,1,28.45,20.63
ooa,0.05,2,33.85,21.01
ooa,0.05,3,40.55,21.72
ooa,0.05,4,52.75,23.23
ooa,0.05,5,64.65,25.66
ooa,0.05,6,76.5,27.02
ooa,0.05,7,71.85,27.73
ooa,0.05,8,71.6,29.0
ooa,0.05,9,71.75,30.16
ooa,0.05,10,82.55,31.7
ooa,0.05,11,80.8,32.87
ooa,0.05,12,84.75,32.37
ooa,0.05,13,89.7,25.36
ooa,0.05,14,89.65,26.33
ooa,0.05,15,89.85,25.64
ooa,0.05,16,89.75,25.45
ooa,0.05,17,90.05,26.02
ooa,0.05,18,89.8,25.55
ooa,0.05,19,90.35,25.48
ooa,0.05,20,90.25,25.86
ooa,0.05,21,90.05,20.08
ooa,0.05,22,89.45,10.97
ooa,0.05,23,89.1,5.22
ooa,0.05,24,88.95,2.64
ooa,0.05,25,88.8,0.0
ooa,0.05,26,88.8,0.0
ooa,0.05,27,88.8,0.0
ooa,0.05,28,88.8,0.0
ooa,0.05,29,88.9,1.77
ooa,0.05,30,88.8,0.0
ooa,0.05,31,88.8,0.0
ooa,0.05,32,88.8,0.0
ooa,0.05,33,88.8,0.0
ooa,0.05,34,88.8,0.0
ooa,0.05,35,88.8,0.0
ooa,0.05,36,88.8,0.0
ooa,0.05,37,89.05,4.37
ooa,0.05,38,89.2,6.9
ooa,0.05,39,89.25,7.73
ooa,0.05,40,89.1,5.22
ooa,0.05,41,88.85,0.89
ooa,0.05,42,88.8,0.0
ooa,0.05,43,88.8,0.0
ooa,0.05,44,88.8,0.0
ooa,0.05,45,88.8,0.0
ooa,0.05,46,88.95,2.64
ooa,0.05,47,88.8,0.0
ooa,0.05,48,88.8,0.0
ooa,0.05,49,88.8,0.0
ooa,0.1,0,46.35,20.69
ooa,0.1,1,55.65,21.85
ooa,0.1,2,66.15,22.27
ooa,0.1,3,79.3,24.18
ooa,0.1,4,84.05,26.33
ooa,0.1,5,88.7,25.66
ooa,0.1,6,90.0,21.26
ooa,0.1,7,89.55,12.55
ooa,0.1,8,88.95,2.64
ooa,0.1,9,88.85,0.89
ooa,0.1,10,88.8,0.0
ooa,0.1,11,88.8,0.0
ooa,0.1,12,88.8,0.0
ooa,0.1,13,88.8,0.0
ooa,0.1,14,88.8,0.0
ooa,0.1,15,88.8,0.0
ooa,0.1,16,88.8,0.0
ooa,0.1,17,88.8,0.0
ooa,0.1,18,88.8,0.0
ooa,0.1,19,88.8,0.0
ooa,0.1,20,88.8,0.0
ooa,0.1,21,88.8,0.0
ooa,0.1,22,88.8,0.0
ooa,0.1,23,88.8,0.0
ooa,0.1,24,88.8,0.0
ooa,0.1,25,88.8,0.0
ooa,0.1,26,88.8,0.0
ooa,0.1,27,88.8,0.0
ooa,0.1,28,88.8,0.0
ooa,0.1,29,88.8,0.0
ooa,0.1,30,88.8,0.0
ooa,0.1,31,88.8,0.0
ooa,0.1,32,88.8,0.0
ooa,0.1,33,88.8,0.0
ooa,0.1,34,88.8,0.0
ooa,0.1,35,88.8,0.0
ooa,0.1,36,88.8,0.0
ooa,0.1,37,88.8,0.0
ooa,0.1,38,88.8,0.0
ooa,0.1,39,88.8,0.0
ooa,0.1,40,88.8,0.0
ooa,0.1,41,88.8,0.0
ooa,0.1,42,88.8,0.0
ooa,0.1,43,88.8,0.0
ooa,0.1,44,88.8,0.0
ooa,0.1,45,88.8,0.0
ooa,0.1,46,88.8,0.0
ooa,0.1,47,88.8,0.0
ooa,0.1,48,88.8,0.0
ooa,0.1,49,88.8,0.0
ooa,0.2,0,38.45,20.63
ooa,0.2,1,48.5,21.49
ooa,0.2,2,55.7,23.22
ooa,0.2,3,66.3,25.11
ooa,0.2,4,76.2,27.44
ooa,0.2,5,86.5,28.95
ooa,0.2,6,89.0,27.15
ooa,0.2,7,89.0,27.15
ooa,0.2,8,89.5,27.08
ooa,0.2,9,90.1,26.12
ooa,0.2,10,90.35,25.48
ooa,0.2,11,90.35,24.31
ooa,0.2,12,90.35,24.31
ooa,0.2,13,90.25,22.92
ooa,0.2,14,90.25,22.92
ooa,0.2,15,90.15,21.51
ooa,0.2,16,90.3,23.62
ooa,0.2,17,90.1,20.8
ooa,0.2,18,90.1,20.8
ooa,0.2,19,90.1,20.8
ooa,0.2,20,90.05,20.08
ooa,0.2,21,90.0,19.35
ooa,0.2,22,90.05,20.08
ooa,0.2,23,89.95,18.62
ooa,0.2,24,89.95,18.62
ooa,0.2,25,89.8,16.39
ooa,0.2,26,89.65,14.11
ooa,0.2,27,89.6,13.33
ooa,0.2,28,89.55,12.55
ooa,0.2,29,89.55,12.55
ooa,0.2,30,89.4,10.17
ooa,0.2,31,89.4,10.17
ooa,0.2,32,89.35,9.36
ooa,0.2,33,89.35,9.36
ooa,0.2,34,89.4,10.17
ooa,0.2,35,89.4,10.17
ooa,0.2,36,89.4,10.17
ooa,0.2,37,89.4,10.17
ooa,0.2,38,89.4,10.17
ooa,0.2,39,89.4,10.17
ooa,0.2,40,89.4,10.17
ooa,0.2,41,89.6,13.33
ooa,0.2,42,89.55,12.55
ooa,0.2,43,89.55,12.55
ooa,0.2,44,89.55,12.55
ooa,0.2,45,89.55,12.55
ooa,0.2,46,89.5,11.76
ooa,0.2,47,89.5,11.76
ooa,0.2,48,89.55,12.55
ooa,0.2,49,89.55,12.55
ooa,0.5,0,43.1,20.86
ooa,0.5,1,57.2,23.02
ooa,0.5,2,71.75,26.72
ooa,0.5,3,82.7,30.52
ooa,0.5,4,85.9,32.54
ooa,0.5,5,88.6,29.19
ooa,0.5,6,89.55,27.18
ooa,0.5,7,90.3,26.52
ooa,0.5,8,90.35,25.48
ooa,0.5,9,90.35,25.48
ooa,0.5,10,90.4,25.0
ooa,0.5,11,90.35,24.31
ooa,0.5,12,90.3,23.62
ooa,0.5,13,90.25,22.92
ooa,0.5,14,90.25,22.92
ooa,0.5,15,90.25,22.92
ooa,0.5,16,90.25,22.92
ooa,0.5,17,90.25,22.92
ooa,0.5,18,90.25,22.92
ooa,0.5,19,90.25,22.92
ooa,0.5,20,90.25,22.92
ooa,0.5,21,90.25,22.92
ooa,0.5,22,90.25,22.92
ooa,0.5,23,90.25,22.92
ooa,0.5,24,90.3,23.62
ooa,0.5,25,90.3,23.62
ooa,0.5,26,90.25,22.92
ooa,0.5,27,90.3,23.62
ooa,0.5,28,90.3,23.62
ooa,0.5,29,90.3,23.62
ooa,0.5,30,90.3,23.62
ooa,0.5,31,90.3,23.62
ooa,0.5,32,90.3,23.62
ooa,0.5,33,90.3,23.62
ooa,0.5,34,90.3,23.62
ooa,0.5,35,90.3,23.62
ooa,0.5,36,90.3,23.62
ooa,0.5,37,90.3,23.62
ooa,0.5,38,90.3,23.62
ooa,0.5,39,90.3,23.62
ooa,0.5,40,90.35,24.31
ooa,0.5,41,90.35,24.31
ooa,0.5,42,90.35,24.31
ooa,0.5,43,90.4,25.0
ooa,0.5,44,90.4,25.0
ooa,0.5,45,90.4,25.0
ooa,0.5,46,90.4,25.0
ooa,0.5,47,90.4,25.0
ooa,0.5,48,90.4,25.0
ooa,0.5,49,90.45,25.68
ooa,1.0,0,45.5,21.47
ooa,1.0,1,57.15,23.28
ooa,1.0,2,71.75,27.47
ooa,1.0,3,80.25,32.94
ooa,1.0,4,83.35,35.84
ooa,1.0,5,86.05,37.3
ooa,1.0,6,88.25,36.66
ooa,1.0,7,88.9,35.47
ooa,1.0,8,88.95,32.0
ooa,1.0,9,89.2,30.32
ooa,1.0,10,89.55,28.67
ooa,1.0,11,90.2,27.41
ooa,1.0,12,90.3,27.61
ooa,1.0,13,90.45,27.38
ooa,1.0,14,90.45,26.82
ooa,1.0,15,90.45,26.82
ooa,1.0,16,90.45,26.82
ooa,1.0,17,90.5,27.48
ooa,1.0,18,90.5,27.48
ooa,1.0,19,90.5,27.48
ooa,1.0,20,90.6,28.24
ooa,1.0,21,90.6,28.24
ooa,1.0,22,90.6,28.24
ooa,1.0,23,90.6,28.24
ooa,1.0,24,90.6,28.24
ooa,1.0,25,90.6,28.24
ooa,1.0,26,90.6,28.24
ooa,1.0,27,90.6,28.24
ooa,1.0,28,90.6,28.24
ooa,1.0,29,90.6,28.24
ooa,1.0,30,90.6,28.24
ooa,1.0,31,90.6,28.24
ooa,1.0,32,90.65,28.9
ooa,1.0,33,90.65,28.9
ooa,1.0,34,90.65,28.9
ooa,1.0,35,90.65,28.9
ooa,1.0,36,90.7,29.55
ooa,1.0,37,90.7,29.55
ooa,1.0,38,90.7,29.55
ooa,1.0,39,90.7,29.55
ooa,1.0,40,90.7,29.55
ooa,1.0,41,90.7,29.55
ooa,1.0,42,90.7,29.55
ooa,1.0,43,90.7,29.55
ooa,1.0,44,90.7,29.55
ooa,1.0,45,90.7,29.55
ooa,1.0,46,90.7,29.55
ooa,1.0,47,90.7,29.55
ooa,1.0,48,90.7,29.55
ooa,1.0,49,90.7,29.55
