dataset,attack,round,client_id,is_byzantine,kappa,semantic_shift,p_fraud_client,p_fraud_global,gradient_dist,flagged_kappa,flagged_gradient,z_score
nyc-taxi,grad-p,0,30,False,0.0,1.0,0.0,1.0,2.2897,False,False,0.7575
nyc-taxi,grad-p,0,0,False,0.0,1.0,0.0,1.0,2.1712,False,False,0.7578
nyc-taxi,grad-p,0,22,False,0.0,1.0,0.0,1.0,2.2113,False,False,0.7577
nyc-taxi,grad-p,0,31,False,0.0,1.0,0.0,1.0,2.5983,False,False,0.7594
nyc-taxi,grad-p,0,18,False,0.0,1.0,0.0,1.0,2.1992,False,False,0.7571
nyc-taxi,grad-p,0,28,True,0.0,0.5,0.5,1.0,1439.9852,False,False,1.5787
nyc-taxi,grad-p,0,10,True,1.0,0.0,1.0,1.0,1339.4717,False,False,1.4152
nyc-taxi,grad-p,0,70,True,1.0,0.0,1.0,1.0,958.2938,False,False,0.7956
nyc-taxi,grad-p,1,23,False,0.0,0.7,0.0,0.7,2.211,False,False,0.6975
nyc-taxi,grad-p,1,39,False,0.0,0.7,0.0,0.7,2.2369,False,False,0.6979
nyc-taxi,grad-p,1,69,False,0.0,0.7,0.0,0.7,2.2582,False,False,0.6993
nyc-taxi,grad-p,1,74,False,0.0,0.7,0.0,0.7,2.131,False,False,0.6996
nyc-taxi,grad-p,1,0,True,0.2,0.2,0.5,0.7,877.9018,False,False,1.1289
nyc-taxi,grad-p,1,1,True,-0.087,0.1,0.6,0.7,1135.0607,True,False,1.6654
nyc-taxi,grad-p,2,49,False,0.0,0.6,0.0,0.6,2.2131,False,False,0.6262
nyc-taxi,grad-p,2,43,False,0.0,0.6,0.0,0.6,2.072,False,False,0.6261
nyc-taxi,grad-p,2,38,False,0.0,0.6,0.0,0.6,2.6336,False,False,0.624
nyc-taxi,grad-p,2,46,False,0.0,0.6,0.0,0.6,2.39,False,False,0.6244
nyc-taxi,grad-p,2,79,False,0.0,0.6,0.0,0.6,1.9966,False,False,0.626
nyc-taxi,grad-p,2,24,True,-0.25,0.0,0.6,0.6,941.532,True,False,1.2838
nyc-taxi,grad-p,2,19,True,0.0741,0.3,0.3,0.6,1216.6606,False,False,1.843
nyc-taxi,grad-p,3,55,False,0.0,0.4,0.0,0.4,2.2909,False,False,0.4972
nyc-taxi,grad-p,3,25,False,0.0,0.4,0.0,0.4,2.1418,False,False,0.4972
nyc-taxi,grad-p,3,10,False,0.0,0.4,0.0,0.4,1.9048,False,False,0.4986
nyc-taxi,grad-p,3,19,False,0.0,0.4,0.0,0.4,2.0207,False,False,0.4989
nyc-taxi,grad-p,3,45,False,0.0,0.4,0.0,0.4,2.4282,False,False,0.4966
nyc-taxi,grad-p,3,1,False,0.0,0.4,0.0,0.4,2.1803,False,False,0.4986
nyc-taxi,grad-p,3,73,False,0.0,0.4,0.0,0.4,1.9789,False,False,0.4986
nyc-taxi,grad-p,3,21,False,0.0,0.4,0.0,0.4,2.4656,False,False,0.4967
nyc-taxi,grad-p,3,54,True,-0.6667,0.3,0.7,0.4,1405.6902,True,True,2.2002
nyc-taxi,grad-p,3,2,True,-0.2963,0.3,0.7,0.4,1188.3686,True,False,1.7823
nyc-taxi,grad-p,4,47,False,0.0,0.2,0.0,0.2,2.2653,False,False,0.1333
nyc-taxi,grad-p,4,78,False,0.0,0.2,0.0,0.2,2.1291,False,False,1.4437
nyc-taxi,grad-p,4,36,False,0.0,0.2,0.0,0.2,2.0344,False,False,0.4638
nyc-taxi,grad-p,4,51,False,0.0,0.2,0.0,0.2,1.6788,False,False,1.1305
nyc-taxi,grad-p,4,44,False,0.0,0.2,0.0,0.2,1.9397,False,False,0.5141
nyc-taxi,grad-p,4,13,False,0.0,0.2,0.0,0.2,2.3495,False,False,1.463
nyc-taxi,grad-p,5,70,False,0.0,0.2,0.0,0.2,2.1817,False,False,0.766
nyc-taxi,grad-p,5,25,False,0.0,0.2,0.0,0.2,1.9369,False,False,0.7673
nyc-taxi,grad-p,5,14,False,0.0,0.2,0.0,0.2,2.4843,False,False,0.7654
nyc-taxi,grad-p,5,40,False,0.0,0.2,0.0,0.2,2.0683,False,False,0.7661
nyc-taxi,grad-p,5,73,False,0.0,0.2,0.0,0.2,2.2401,False,False,0.7671
nyc-taxi,grad-p,5,64,True,0.0,0.2,0.0,0.2,1144.1289,False,False,1.308
nyc-taxi,grad-p,5,42,True,0.0,0.8,1.0,0.2,959.8633,False,False,0.9732
nyc-taxi,grad-p,5,38,True,0.0,0.2,0.0,0.2,1277.7785,False,False,1.5509
nyc-taxi,grad-p,6,9,False,0.0,0.2,0.0,0.2,1.783,False,False,0.7069
nyc-taxi,grad-p,6,40,False,0.0,0.2,0.0,0.2,2.0826,False,False,0.706
nyc-taxi,grad-p,6,60,False,0.0,0.2,0.0,0.2,1.8551,False,False,0.7063
nyc-taxi,grad-p,6,59,False,0.0,0.2,0.0,0.2,1.9236,False,False,0.7065
nyc-taxi,grad-p,6,38,True,-0.4286,0.4,0.6,0.2,1281.2185,True,False,1.4901
nyc-taxi,grad-p,6,8,True,0.0,0.3,0.5,0.2,1191.1345,False,False,1.3355
nyc-taxi,grad-p,7,21,False,0.0,0.4,0.0,0.4,2.3377,False,False,0.8589
nyc-taxi,grad-p,7,29,False,0.0,0.4,0.0,0.4,2.1657,False,False,0.8574
nyc-taxi,grad-p,7,0,False,0.0,0.4,0.0,0.4,2.1144,False,False,0.8578
nyc-taxi,grad-p,7,23,False,0.0,0.4,0.0,0.4,2.3336,False,False,0.8574
nyc-taxi,grad-p,7,11,True,0.0,0.6,1.0,0.4,925.2507,False,False,0.8492
nyc-taxi,grad-p,7,62,True,0.2857,0.4,0.8,0.4,1151.951,False,False,1.2687
nyc-taxi,grad-p,7,19,True,0.0,0.1,0.5,0.4,1176.2129,False,False,1.3136
nyc-taxi,grad-p,8,79,False,0.0,0.3,0.0,0.3,259.3927,False,False,0.9909
nyc-taxi,grad-p,8,17,False,0.0,0.3,0.0,0.3,259.4051,False,False,0.9909
nyc-taxi,grad-p,8,66,True,0.1935,0.5,0.8,0.3,989.8879,False,False,0.8004
nyc-taxi,grad-p,8,45,True,0.7368,0.1,0.2,0.3,1232.5359,False,False,1.1814
nyc-taxi,grad-p,9,72,False,0.0,0.1,0.0,0.1,2.3751,False,False,0.5647
nyc-taxi,grad-p,9,77,False,0.0,0.1,0.0,0.1,2.5159,False,False,0.5643
nyc-taxi,grad-p,9,15,False,0.0,0.1,0.0,0.1,2.1637,False,False,0.5658
nyc-taxi,grad-p,9,0,False,0.0,0.1,0.0,0.1,1.9569,False,False,0.5653
nyc-taxi,grad-p,9,12,False,0.0,0.1,0.0,0.1,1.8149,False,False,0.5655
nyc-taxi,grad-p,9,64,True,-0.2069,0.5,0.6,0.1,917.9158,True,False,0.573
nyc-taxi,grad-p,9,29,True,0.2,0.4,0.5,0.1,2269.1995,False,True,2.2527
nyc-taxi,grad-p,10,8,False,0.0,0.3,0.0,0.3,1.6153,False,False,0.578
nyc-taxi,grad-p,10,2,False,0.0,0.3,0.0,0.3,1.4409,False,False,0.5776
nyc-taxi,grad-p,10,4,False,0.0,0.3,0.0,0.3,2.0304,False,False,0.5765
nyc-taxi,grad-p,10,64,True,-0.2121,0.6,0.9,0.3,1127.9554,True,False,1.7321
nyc-taxi,grad-p,11,20,False,0.0,0.2,0.0,0.2,1.7032,False,False,0.7071
nyc-taxi,grad-p,11,49,False,0.0,0.2,0.0,0.2,1.7455,False,False,0.707
nyc-taxi,grad-p,11,30,False,0.0,0.2,0.0,0.2,2.0627,False,False,0.7061
nyc-taxi,grad-p,11,17,False,0.0,0.2,0.0,0.2,2.0993,False,False,0.7075
nyc-taxi,grad-p,11,73,True,0.0,0.8,1.0,0.2,1114.0305,False,False,1.4531
nyc-taxi,grad-p,11,43,True,0.5455,0.2,0.4,0.2,1073.6196,False,False,1.3746
nyc-taxi,grad-p,12,45,False,0.0,0.3,0.0,0.3,2.0826,False,False,0.7051
nyc-taxi,grad-p,12,72,False,0.0,0.3,0.0,0.3,2.117,False,False,0.7066
nyc-taxi,grad-p,12,47,False,0.0,0.3,0.0,0.3,1.883,False,False,0.7053
nyc-taxi,grad-p,12,53,False,0.0,0.3,0.0,0.3,1.9826,False,False,0.7049
nyc-taxi,grad-p,12,40,True,0.3103,0.4,0.7,0.3,919.6906,False,False,1.5281
nyc-taxi,grad-p,12,29,True,0.1935,0.5,0.8,0.3,823.4224,False,False,1.2938
nyc-taxi,grad-p,13,6,False,0.0,0.3,0.0,0.3,1.9331,False,False,0.8158
nyc-taxi,grad-p,13,17,False,0.0,0.3,0.0,0.3,1.9463,False,False,0.8151
nyc-taxi,grad-p,13,69,False,0.0,0.3,0.0,0.3,2.2944,False,False,0.8145
nyc-taxi,grad-p,13,66,True,0.4444,0.3,0.6,0.3,1186.1037,False,False,1.3134
nyc-taxi,grad-p,13,15,True,-0.3158,0.1,0.2,0.3,1085.2466,True,False,1.132
nyc-taxi,grad-p,14,4,False,0.0,0.3,0.0,0.3,2.2366,False,False,0.8509
nyc-taxi,grad-p,14,61,False,0.0,0.3,0.0,0.3,2.2915,False,False,0.8521
nyc-taxi,grad-p,14,71,False,0.0,0.3,0.0,0.3,2.0156,False,False,0.8523
nyc-taxi,grad-p,14,48,False,0.0,0.3,0.0,0.3,2.0901,False,False,0.8523
nyc-taxi,grad-p,14,56,True,0.0741,0.3,0.6,0.3,1321.4748,False,False,1.4643
nyc-taxi,grad-p,14,59,True,-0.1765,0.2,0.1,0.3,938.4983,True,False,0.792
nyc-taxi,grad-p,14,39,True,0.2,0.2,0.5,0.3,1143.1978,False,False,1.1514
nyc-taxi,grad-p,15,73,False,0.0,0.3,0.0,0.3,1.5687,False,False,0.5004
nyc-taxi,grad-p,15,62,False,0.0,0.3,0.0,0.3,2.1694,False,False,0.4993
nyc-taxi,grad-p,15,17,False,0.0,0.3,0.0,0.3,1.5745,False,False,0.4999
nyc-taxi,grad-p,15,51,False,0.0,0.3,0.0,0.3,1.9835,False,False,0.5004
nyc-taxi,grad-p,15,68,True,-0.3793,0.4,0.7,0.3,937.801,True,False,2.0
nyc-taxi,grad-p,16,20,False,0.0,0.4,0.0,0.4,2.1115,False,False,0.4988
nyc-taxi,grad-p,16,56,False,0.0,0.4,0.0,0.4,2.0573,False,False,0.5007
nyc-taxi,grad-p,16,36,False,0.0,0.4,0.0,0.4,1.6481,False,False,0.5003
nyc-taxi,grad-p,16,55,False,0.0,0.4,0.0,0.4,2.0388,False,False,0.5002
nyc-taxi,grad-p,16,16,True,0.0,0.4,0.0,0.4,1108.5307,False,False,2.0
nyc-taxi,grad-p,17,27,False,0.0,0.5,0.0,0.5,2.0562,False,False,0.6825
nyc-taxi,grad-p,17,36,False,0.0,0.5,0.0,0.5,1.9423,False,False,0.6829
nyc-taxi,grad-p,17,43,False,0.0,0.5,0.0,0.5,1.9312,False,False,0.6839
nyc-taxi,grad-p,17,38,False,0.0,0.5,0.0,0.5,1.9211,False,False,0.6841
nyc-taxi,grad-p,17,52,True,0.4,0.1,0.6,0.5,838.4747,False,False,0.9215
nyc-taxi,grad-p,17,18,True,0.0,0.5,0.0,0.5,1302.4102,False,False,1.8119
nyc-taxi,grad-p,18,13,False,0.0,0.5,0.0,0.5,2.2188,False,False,0.7995
nyc-taxi,grad-p,18,48,False,0.0,0.5,0.0,0.5,2.246,False,False,0.7998
nyc-taxi,grad-p,18,64,False,0.0,0.5,0.0,0.5,2.4416,False,False,0.7984
nyc-taxi,grad-p,18,12,False,0.0,0.5,0.0,0.5,2.1458,False,False,0.7992
nyc-taxi,grad-p,18,52,True,0.8,0.1,0.4,0.5,1272.8582,False,False,0.7916
nyc-taxi,grad-p,18,3,True,0.0,0.5,0.0,0.5,2144.5879,False,False,1.8828
nyc-taxi,grad-p,18,74,True,0.2,0.4,0.1,0.5,1057.9125,False,False,0.5225
nyc-taxi,grad-p,19,14,False,0.0,0.6,0.0,0.6,2.4187,False,False,0.3764
nyc-taxi,grad-p,19,77,False,0.0,0.6,0.0,0.6,2.2587,False,False,0.3768
nyc-taxi,grad-p,19,31,False,0.0,0.6,0.0,0.6,1.9584,False,False,0.3789
nyc-taxi,grad-p,19,1,False,0.0,0.6,0.0,0.6,1.8385,False,False,0.3795
nyc-taxi,grad-p,19,33,False,0.0,0.6,0.0,0.6,1.9663,False,False,0.3772
nyc-taxi,grad-p,19,50,False,0.0,0.6,0.0,0.6,2.1904,False,False,0.3775
nyc-taxi,grad-p,19,62,False,0.0,0.6,0.0,0.6,1.946,False,False,0.3794
nyc-taxi,grad-p,19,35,True,-0.2069,0.5,0.1,0.6,1146.2485,True,True,2.6457
nyc-taxi,grad-p,20,78,False,0.0,0.6,0.0,0.6,2.3131,False,False,0.8037
nyc-taxi,grad-p,20,31,False,0.0,0.6,0.0,0.6,1.9733,False,False,0.8049
nyc-taxi,grad-p,20,59,False,0.0,0.6,0.0,0.6,2.2418,False,False,0.8037
nyc-taxi,grad-p,20,74,False,0.0,0.6,0.0,0.6,2.2262,False,False,0.8029
nyc-taxi,grad-p,20,28,False,0.0,0.6,0.0,0.6,2.1497,False,False,0.805
nyc-taxi,grad-p,20,49,False,0.0,0.6,0.0,0.6,2.1999,False,False,0.8034
nyc-taxi,grad-p,20,6,True,0.4444,0.3,0.3,0.6,1177.3371,False,False,1.6635
nyc-taxi,grad-p,20,70,True,0.1667,0.0,0.6,0.6,905.764,False,False,1.0932
nyc-taxi,grad-p,20,44,True,0.0,0.4,1.0,0.6,929.3575,False,False,1.1428
nyc-taxi,grad-p,20,43,True,0.0,0.4,1.0,0.6,825.2639,False,False,0.9242
nyc-taxi,grad-p,21,23,False,0.0,0.6,0.0,0.6,2.1981,False,False,0.7032
nyc-taxi,grad-p,21,29,False,0.0,0.6,0.0,0.6,2.2458,False,False,0.7014
nyc-taxi,grad-p,21,50,False,0.0,0.6,0.0,0.6,1.8144,False,False,0.7022
nyc-taxi,grad-p,21,51,False,0.0,0.6,0.0,0.6,1.9051,False,False,0.7022
nyc-taxi,grad-p,21,43,True,0.0,0.1,0.5,0.6,1169.1807,False,False,1.607
nyc-taxi,grad-p,21,33,True,0.3478,0.1,0.7,0.6,964.608,False,False,1.2021
nyc-taxi,grad-p,22,17,False,0.0,0.5,0.0,0.5,2.0944,False,False,0.698
nyc-taxi,grad-p,22,47,False,0.0,0.5,0.0,0.5,2.1441,False,False,0.697
nyc-taxi,grad-p,22,24,False,0.0,0.5,0.0,0.5,2.259,False,False,0.6969
nyc-taxi,grad-p,22,62,False,0.0,0.5,0.0,0.5,1.943,False,False,0.6979
nyc-taxi,grad-p,22,46,False,0.0,0.5,0.0,0.5,2.0862,False,False,0.6969
nyc-taxi,grad-p,22,52,True,0.0,0.5,0.0,0.5,1216.5495,False,False,0.93
nyc-taxi,grad-p,22,33,True,0.2,0.2,0.3,0.5,2108.4076,False,True,2.1255
nyc-taxi,grad-p,22,58,True,0.2,0.4,0.9,0.5,844.5196,False,False,0.4313
nyc-taxi,grad-p,23,69,False,0.0,0.6,0.0,0.6,2.2378,False,False,0.6194
nyc-taxi,grad-p,23,64,False,0.0,0.6,0.0,0.6,2.0557,False,False,0.6192
nyc-taxi,grad-p,23,78,False,0.0,0.6,0.0,0.6,1.9307,False,False,0.6198
nyc-taxi,grad-p,23,79,False,0.0,0.6,0.0,0.6,2.1041,False,False,0.6189
nyc-taxi,grad-p,23,70,True,0.0,0.6,0.0,0.6,2184.7361,False,True,2.0745
nyc-taxi,grad-p,23,57,True,0.0,0.6,0.0,0.6,830.4347,False,False,0.4028
nyc-taxi,grad-p,24,45,False,0.0,0.5,0.0,0.5,2.1975,False,False,0.0223
nyc-taxi,grad-p,24,66,False,0.0,0.5,0.0,0.5,2.2123,False,False,1.4073
nyc-taxi,grad-p,24,15,False,0.0,0.5,0.0,0.5,2.0701,False,False,1.3856
nyc-taxi,grad-p,24,78,False,0.0,0.5,0.0,0.5,1.8282,False,False,0.741
nyc-taxi,grad-p,24,41,False,0.0,0.5,0.0,0.5,1.957,False,False,0.7416
nyc-taxi,grad-p,25,0,False,0.0,0.5,0.0,0.5,1.8349,False,False,0.5772
nyc-taxi,grad-p,25,20,False,0.0,0.5,0.0,0.5,2.0434,False,False,0.5786
nyc-taxi,grad-p,25,21,False,0.0,0.5,0.0,0.5,1.9319,False,False,0.5763
nyc-taxi,grad-p,25,65,True,-0.2,0.4,0.9,0.5,912.9103,True,False,1.7321
nyc-taxi,grad-p,26,40,False,0.0,0.4,0.0,0.4,2.0787,False,False,0.3535
nyc-taxi,grad-p,26,25,False,0.0,0.4,0.0,0.4,2.2197,False,False,0.355
nyc-taxi,grad-p,26,76,False,0.0,0.4,0.0,0.4,2.2816,False,False,0.3527
nyc-taxi,grad-p,26,6,False,0.0,0.4,0.0,0.4,1.9981,False,False,0.353
nyc-taxi,grad-p,26,77,False,0.0,0.4,0.0,0.4,2.2674,False,False,0.3525
nyc-taxi,grad-p,26,42,False,0.0,0.4,0.0,0.4,2.1211,False,False,0.3545
nyc-taxi,grad-p,26,67,False,0.0,0.4,0.0,0.4,2.2123,False,False,0.3539
nyc-taxi,grad-p,26,5,False,0.0,0.4,0.0,0.4,2.0875,False,False,0.3533
nyc-taxi,grad-p,26,22,True,0.0,0.6,1.0,0.4,1195.0835,False,True,2.8284
nyc-taxi,grad-p,27,78,False,0.0,0.4,0.0,0.4,2.1228,False,False,0.6992
nyc-taxi,grad-p,27,10,False,0.0,0.4,0.0,0.4,2.0797,False,False,0.6988
nyc-taxi,grad-p,27,28,False,0.0,0.4,0.0,0.4,1.9875,False,False,0.6988
nyc-taxi,grad-p,27,25,False,0.0,0.4,0.0,0.4,1.9964,False,False,0.6981
nyc-taxi,grad-p,27,66,True,0.0,0.4,0.0,0.4,826.1925,False,False,1.1315
nyc-taxi,grad-p,27,58,True,0.0,0.4,0.0,0.4,1065.5388,False,False,1.6634
nyc-taxi,grad-p,28,9,False,0.0,0.2,0.0,0.2,1.7059,False,False,0.9538
nyc-taxi,grad-p,28,67,False,0.0,0.2,0.0,0.2,2.1819,False,False,0.819
nyc-taxi,grad-p,28,76,False,0.0,0.2,0.0,0.2,1.9265,False,False,1.381
nyc-taxi,grad-p,28,70,False,0.0,0.2,0.0,0.2,2.3005,False,False,1.1842
nyc-taxi,grad-p,28,2,False,0.0,0.2,0.0,0.2,1.6225,False,False,0.3316
nyc-taxi,grad-p,29,65,False,0.0,0.1,0.0,0.1,2.0463,False,False,0.7804
nyc-taxi,grad-p,29,79,False,0.0,0.1,0.0,0.1,2.1237,False,False,0.7799
nyc-taxi,grad-p,29,66,False,0.0,0.1,0.0,0.1,2.1469,False,False,0.7803
nyc-taxi,grad-p,29,49,True,0.6154,0.1,0.2,0.1,1974.0488,False,False,1.6365
nyc-taxi,grad-p,29,54,True,0.0,0.1,0.0,0.1,1213.0408,False,False,0.7041
nyc-taxi,spf,0,30,False,0.0,0.7,0.0,0.7,2.0798,False,False,0.5093
nyc-taxi,spf,0,0,False,0.0,0.7,0.0,0.7,2.2031,False,False,0.3941
nyc-taxi,spf,0,22,False,0.0,0.7,0.0,0.7,2.1328,False,False,0.068
nyc-taxi,spf,0,31,False,0.0,0.7,0.0,0.7,2.3018,False,False,1.7428
nyc-taxi,spf,0,18,False,0.0,0.7,0.0,0.7,2.1501,False,False,1.0817
nyc-taxi,spf,0,28,True,0.0,0.7,0.0,0.7,2.2276,False,False,0.9195
nyc-taxi,spf,0,10,True,0.0,0.7,0.0,0.7,2.2256,False,False,0.8815
nyc-taxi,spf,0,70,True,0.0,0.7,0.0,0.7,2.1689,False,False,1.3232
nyc-taxi,spf,1,23,False,0.0,0.5,0.0,0.5,2.1648,False,False,1.2941
nyc-taxi,spf,1,39,False,0.0,0.5,0.0,0.5,2.3408,False,False,0.9733
nyc-taxi,spf,1,69,False,0.0,0.5,0.0,0.5,2.0618,False,False,0.7889
nyc-taxi,spf,1,74,False,0.0,0.5,0.0,0.5,1.97,False,False,0.6572
nyc-taxi,spf,1,0,True,0.0,0.5,0.0,0.5,1.8332,False,False,1.4072
nyc-taxi,spf,1,1,True,0.0,0.5,0.0,0.5,2.1629,False,False,0.5861
nyc-taxi,spf,2,49,False,0.0,0.4,0.0,0.4,1.8007,False,False,0.6486
nyc-taxi,spf,2,43,False,0.0,0.4,0.0,0.4,2.021,False,False,1.0337
nyc-taxi,spf,2,38,False,0.0,0.4,0.0,0.4,2.702,False,False,1.4754
nyc-taxi,spf,2,46,False,0.0,0.4,0.0,0.4,2.3592,False,False,1.0177
nyc-taxi,spf,2,79,False,0.0,0.4,0.0,0.4,1.8036,False,False,0.7673
nyc-taxi,spf,2,24,True,0.0,0.4,0.0,0.4,1.7826,False,False,0.946
nyc-taxi,spf,2,19,True,0.0,0.4,0.0,0.4,2.5295,False,False,0.9025
nyc-taxi,spf,3,55,False,0.0,0.3,0.0,0.3,1.9977,False,False,0.2721
nyc-taxi,spf,3,25,False,0.0,0.3,0.0,0.3,2.1948,False,False,0.3336
nyc-taxi,spf,3,10,False,0.0,0.3,0.0,0.3,2.3089,False,False,1.5585
nyc-taxi,spf,3,19,False,0.0,0.3,0.0,0.3,1.9162,False,False,0.8886
nyc-taxi,spf,3,45,False,0.0,0.3,0.0,0.3,2.2931,False,False,1.1627
nyc-taxi,spf,3,1,False,0.0,0.3,0.0,0.3,2.182,False,False,0.8601
nyc-taxi,spf,3,73,False,0.0,0.3,0.0,0.3,2.0153,False,False,1.2607
nyc-taxi,spf,3,21,False,0.0,0.3,0.0,0.3,2.4264,False,False,1.0816
nyc-taxi,spf,3,54,True,0.0,0.3,0.0,0.3,2.4528,False,False,1.2261
nyc-taxi,spf,3,2,True,0.0,0.3,0.0,0.3,2.253,False,False,0.4919
nyc-taxi,spf,4,47,False,0.0,0.3,0.0,0.3,2.2465,False,False,0.0259
nyc-taxi,spf,4,78,False,0.0,0.3,0.0,0.3,2.1902,False,False,1.1387
nyc-taxi,spf,4,36,False,0.0,0.3,0.0,0.3,2.1608,False,False,0.4706
nyc-taxi,spf,4,51,False,0.0,0.3,0.0,0.3,1.8957,False,False,1.3837
nyc-taxi,spf,4,44,False,0.0,0.3,0.0,0.3,1.9318,False,False,0.5057
nyc-taxi,spf,4,13,False,0.0,0.3,0.0,0.3,2.191,False,False,1.5202
nyc-taxi,spf,5,70,False,0.0,0.3,0.0,0.3,2.1257,False,False,0.3325
nyc-taxi,spf,5,25,False,0.0,0.3,0.0,0.3,2.2396,False,False,1.6941
nyc-taxi,spf,5,14,False,0.0,0.3,0.0,0.3,2.3831,False,False,1.3014
nyc-taxi,spf,5,40,False,0.0,0.3,0.0,0.3,2.1399,False,False,0.1249
nyc-taxi,spf,5,73,False,0.0,0.3,0.0,0.3,2.0319,False,False,0.8953
nyc-taxi,spf,5,64,True,0.0,0.3,0.0,0.3,2.0482,False,False,0.5111
nyc-taxi,spf,5,42,True,0.0,0.3,0.0,0.3,1.97,False,False,0.8882
nyc-taxi,spf,5,38,True,0.0,0.3,0.0,0.3,2.2405,False,False,1.2078
nyc-taxi,spf,6,9,False,0.0,0.2,0.0,0.2,1.834,False,False,1.7257
nyc-taxi,spf,6,40,False,0.0,0.2,0.0,0.2,2.0033,False,False,1.2771
nyc-taxi,spf,6,60,False,0.0,0.2,0.0,0.2,1.9486,False,False,0.355
nyc-taxi,spf,6,59,False,0.0,0.2,0.0,0.2,1.8234,False,False,0.4931
nyc-taxi,spf,6,38,True,0.0,0.2,0.0,0.2,2.3508,False,False,0.9452
nyc-taxi,spf,6,8,True,0.0,0.2,0.0,0.2,2.1834,False,False,0.3584
nyc-taxi,spf,7,21,False,0.0,0.2,0.0,0.2,2.1402,False,False,1.5755
nyc-taxi,spf,7,29,False,0.0,0.2,0.0,0.2,2.1654,False,False,0.8398
nyc-taxi,spf,7,0,False,0.0,0.2,0.0,0.2,2.1075,False,False,0.2585
nyc-taxi,spf,7,23,False,0.0,0.2,0.0,0.2,2.3594,False,False,0.9794
nyc-taxi,spf,7,11,True,0.0,0.2,0.0,0.2,1.9088,False,False,1.5094
nyc-taxi,spf,7,62,True,0.0,0.2,0.0,0.2,2.1563,False,False,0.4835
nyc-taxi,spf,7,19,True,0.0,0.2,0.0,0.2,2.4366,False,False,0.5236
nyc-taxi,spf,8,79,False,0.0,0.2,0.0,0.2,1.5362,False,False,0.9112
nyc-taxi,spf,8,17,False,0.0,0.2,0.0,0.2,1.803,False,False,0.1151
nyc-taxi,spf,8,66,True,0.0,0.2,0.0,0.2,1.9134,False,False,0.6336
nyc-taxi,spf,8,45,True,0.0,0.2,0.0,0.2,2.2487,False,False,1.6598
nyc-taxi,spf,9,72,False,1.0,0.0,0.0,0.0,2.3395,False,False,0.037
nyc-taxi,spf,9,77,False,1.0,0.0,0.0,0.0,2.6245,False,False,0.2563
nyc-taxi,spf,9,15,False,1.0,0.0,0.0,0.0,2.3673,False,False,0.7011
nyc-taxi,spf,9,0,False,1.0,0.0,0.0,0.0,1.7376,False,False,0.5411
nyc-taxi,spf,9,12,False,1.0,0.0,0.0,0.0,1.6942,False,False,0.7725
nyc-taxi,spf,9,64,True,1.0,0.0,0.0,0.0,1.7671,False,False,0.506
nyc-taxi,spf,9,29,True,0.0,0.2,0.2,0.0,5.4253,True,True,2.3013
nyc-taxi,spf,10,8,False,1.0,0.0,0.0,0.0,1.7746,False,False,1.2573
nyc-taxi,spf,10,2,False,1.0,0.0,0.0,0.0,1.3725,False,False,0.6825
nyc-taxi,spf,10,4,False,1.0,0.0,0.0,0.0,2.0196,False,False,1.1593
nyc-taxi,spf,10,64,True,1.0,0.0,0.0,0.0,2.3067,False,False,0.7805
nyc-taxi,spf,11,20,False,1.0,0.0,0.0,0.0,1.8414,False,False,1.4164
nyc-taxi,spf,11,49,False,1.0,0.0,0.0,0.0,1.8141,False,False,0.9827
nyc-taxi,spf,11,30,False,1.0,0.0,0.0,0.0,1.9696,False,False,1.078
nyc-taxi,spf,11,17,False,1.0,0.0,0.0,0.0,1.9893,False,False,0.4718
nyc-taxi,spf,11,73,True,1.0,0.0,0.0,0.0,2.1084,False,False,0.7628
nyc-taxi,spf,11,43,True,1.0,0.0,0.0,0.0,2.1857,False,False,1.0302
nyc-taxi,spf,12,45,False,1.0,0.0,0.0,0.0,2.079,False,False,0.7511
nyc-taxi,spf,12,72,False,1.0,0.0,0.0,0.0,1.8468,False,False,0.6089
nyc-taxi,spf,12,47,False,1.0,0.0,0.0,0.0,2.0241,False,False,0.9402
nyc-taxi,spf,12,53,False,1.0,0.0,0.0,0.0,2.1063,False,False,1.2287
nyc-taxi,spf,12,40,True,1.0,0.0,0.0,0.0,1.7328,False,False,1.1767
nyc-taxi,spf,12,29,True,1.0,0.0,0.0,0.0,2.107,False,False,1.1344
nyc-taxi,spf,13,6,False,1.0,0.0,0.0,0.0,2.0458,False,False,1.9292
nyc-taxi,spf,13,17,False,1.0,0.0,0.0,0.0,2.138,False,False,0.001
nyc-taxi,spf,13,69,False,1.0,0.0,0.0,0.0,2.0961,False,False,0.4879
nyc-taxi,spf,13,66,True,1.0,0.0,0.0,0.0,1.9504,False,False,0.731
nyc-taxi,spf,13,15,True,1.0,0.0,0.0,0.0,2.1795,False,False,0.7112
nyc-taxi,spf,14,4,False,1.0,0.0,0.0,0.0,2.163,False,False,1.1587
nyc-taxi,spf,14,61,False,1.0,0.0,0.0,0.0,2.0022,False,False,0.8797
nyc-taxi,spf,14,71,False,1.0,0.0,0.0,0.0,1.9827,False,False,1.0042
nyc-taxi,spf,14,48,False,1.0,0.0,0.0,0.0,1.9269,False,False,0.6602
nyc-taxi,spf,14,56,True,1.0,0.0,0.0,0.0,2.6095,False,False,1.4343
nyc-taxi,spf,14,59,True,1.0,0.0,0.0,0.0,1.8093,False,False,0.8554
nyc-taxi,spf,14,39,True,1.0,0.0,0.0,0.0,2.1556,False,False,0.8064
nyc-taxi,spf,15,73,False,1.0,0.0,0.0,0.0,1.6927,False,False,1.2837
nyc-taxi,spf,15,62,False,1.0,0.0,0.0,0.0,2.153,False,False,1.6434
nyc-taxi,spf,15,17,False,1.0,0.0,0.0,0.0,1.6517,False,False,0.1051
nyc-taxi,spf,15,51,False,1.0,0.0,0.0,0.0,1.7366,False,False,0.7483
nyc-taxi,spf,15,68,True,1.0,0.0,0.0,0.0,2.141,False,False,0.2834
nyc-taxi,spf,16,20,False,1.0,0.0,0.0,0.0,2.0458,False,False,1.2761
nyc-taxi,spf,16,56,False,1.0,0.0,0.0,0.0,2.0102,False,False,0.5293
nyc-taxi,spf,16,36,False,1.0,0.0,0.0,0.0,1.8063,False,False,0.7517
nyc-taxi,spf,16,55,False,1.0,0.0,0.0,0.0,1.9707,False,False,1.1215
nyc-taxi,spf,16,16,True,1.0,0.0,0.0,0.0,2.3231,False,False,1.1263
nyc-taxi,spf,17,27,False,1.0,0.0,0.0,0.0,2.0523,False,False,1.0462
nyc-taxi,spf,17,36,False,1.0,0.0,0.0,0.0,1.8113,False,False,0.4514
nyc-taxi,spf,17,43,False,1.0,0.0,0.0,0.0,1.7922,False,False,0.6823
nyc-taxi,spf,17,38,False,1.0,0.0,0.0,0.0,1.8535,False,False,1.2338
nyc-taxi,spf,17,52,True,1.0,0.0,0.0,0.0,2.1001,False,False,0.9367
nyc-taxi,spf,17,18,True,1.0,0.0,0.0,0.0,2.3871,False,False,1.3552
nyc-taxi,spf,18,13,False,1.0,0.0,0.0,0.0,2.216,False,False,0.6971
nyc-taxi,spf,18,48,False,1.0,0.0,0.0,0.0,2.2293,False,False,0.8299
nyc-taxi,spf,18,64,False,1.0,0.0,0.0,0.0,2.0961,False,False,0.0389
nyc-taxi,spf,18,12,False,1.0,0.0,0.0,0.0,2.1465,False,False,0.6498
nyc-taxi,spf,18,52,True,1.0,0.0,0.0,0.0,2.2556,False,False,0.0836
nyc-taxi,spf,18,3,True,0.0,0.1,0.1,0.0,5.5461,True,True,2.3154
nyc-taxi,spf,18,74,True,1.0,0.0,0.0,0.0,2.0929,False,False,0.1834
nyc-taxi,spf,19,14,False,1.0,0.0,0.0,0.0,2.2869,False,False,1.1595
nyc-taxi,spf,19,77,False,1.0,0.0,0.0,0.0,2.0869,False,False,1.2746
nyc-taxi,spf,19,31,False,1.0,0.0,0.0,0.0,1.9548,False,False,1.3344
nyc-taxi,spf,19,1,False,1.0,0.0,0.0,0.0,2.0533,False,False,1.2219
nyc-taxi,spf,19,33,False,1.0,0.0,0.0,0.0,1.8935,False,False,0.6083
nyc-taxi,spf,19,50,False,1.0,0.0,0.0,0.0,1.9354,False,False,0.2468
nyc-taxi,spf,19,62,False,1.0,0.0,0.0,0.0,1.9121,False,False,1.0937
nyc-taxi,spf,19,35,True,1.0,0.0,0.0,0.0,2.0482,False,False,0.3609
nyc-taxi,spf,20,78,False,1.0,0.0,0.0,0.0,2.2795,False,False,0.4299
nyc-taxi,spf,20,31,False,1.0,0.0,0.0,0.0,1.8392,False,False,0.731
nyc-taxi,spf,20,59,False,1.0,0.0,0.0,0.0,2.2491,False,False,0.6391
nyc-taxi,spf,20,74,False,1.0,0.0,0.0,0.0,2.2715,False,False,1.6165
nyc-taxi,spf,20,28,False,1.0,0.0,0.0,0.0,1.8948,False,False,1.1345
nyc-taxi,spf,20,49,False,1.0,0.0,0.0,0.0,2.1221,False,False,0.8676
nyc-taxi,spf,20,6,True,1.0,0.0,0.0,0.0,2.1612,False,False,1.1209
nyc-taxi,spf,20,70,True,1.0,0.0,0.0,0.0,1.858,False,False,1.1354
nyc-taxi,spf,20,44,True,1.0,0.0,0.0,0.0,1.8675,False,False,0.4661
nyc-taxi,spf,20,43,True,1.0,0.0,0.0,0.0,2.0444,False,False,1.2069
nyc-taxi,spf,21,23,False,1.0,0.0,0.0,0.0,1.9949,False,False,1.3559
nyc-taxi,spf,21,29,False,1.0,0.0,0.0,0.0,2.2699,False,False,1.5776
nyc-taxi,spf,21,50,False,1.0,0.0,0.0,0.0,1.695,False,False,0.0077
nyc-taxi,spf,21,51,False,1.0,0.0,0.0,0.0,1.953,False,False,0.1185
nyc-taxi,spf,21,43,True,1.0,0.0,0.0,0.0,1.991,False,False,0.7199
nyc-taxi,spf,21,33,True,1.0,0.0,0.0,0.0,1.7612,False,False,1.0679
nyc-taxi,spf,22,17,False,1.0,0.0,0.0,0.0,1.9162,False,False,0.8635
nyc-taxi,spf,22,47,False,1.0,0.0,0.0,0.0,1.9636,False,False,0.0331
nyc-taxi,spf,22,24,False,1.0,0.0,0.0,0.0,2.0675,False,False,0.1037
nyc-taxi,spf,22,62,False,1.0,0.0,0.0,0.0,1.9988,False,False,0.676
nyc-taxi,spf,22,46,False,1.0,0.0,0.0,0.0,1.9531,False,False,0.0338
nyc-taxi,spf,22,52,True,1.0,0.0,0.0,0.0,2.2151,False,False,0.0761
nyc-taxi,spf,22,33,True,0.0,0.2,0.2,0.0,5.5529,True,True,2.4105
nyc-taxi,spf,22,58,True,1.0,0.0,0.0,0.0,2.1769,False,False,0.9839
nyc-taxi,spf,23,69,False,1.0,0.0,0.0,0.0,2.0509,False,False,0.2282
nyc-taxi,spf,23,64,False,1.0,0.0,0.0,0.0,2.0723,False,False,0.2454
nyc-taxi,spf,23,78,False,1.0,0.0,0.0,0.0,1.7903,False,False,0.8775
nyc-taxi,spf,23,79,False,1.0,0.0,0.0,0.0,2.1389,False,False,0.0324
nyc-taxi,spf,23,70,True,0.0,0.1,0.1,0.0,4.8744,True,True,2.1166
nyc-taxi,spf,23,57,True,1.0,0.0,0.0,0.0,1.7875,False,False,0.7978
nyc-taxi,spf,24,45,False,1.0,0.0,0.0,0.0,2.3338,False,False,0.0073
nyc-taxi,spf,24,66,False,1.0,0.0,0.0,0.0,2.246,False,False,1.4618
nyc-taxi,spf,24,15,False,1.0,0.0,0.0,0.0,1.9915,False,False,1.412
nyc-taxi,spf,24,78,False,1.0,0.0,0.0,0.0,1.928,False,False,0.6872
nyc-taxi,spf,24,41,False,1.0,0.0,0.0,0.0,1.8859,False,False,0.6301
nyc-taxi,spf,25,0,False,1.0,0.0,0.0,0.0,1.7471,False,False,0.6377
nyc-taxi,spf,25,20,False,1.0,0.0,0.0,0.0,1.8436,False,False,1.1001
nyc-taxi,spf,25,21,False,1.0,0.0,0.0,0.0,2.0821,False,False,1.298
nyc-taxi,spf,25,65,True,1.0,0.0,0.0,0.0,1.396,False,False,0.8356
nyc-taxi,spf,26,40,False,1.0,0.0,0.0,0.0,2.0116,False,False,0.0592
nyc-taxi,spf,26,25,False,1.0,0.0,0.0,0.0,2.1547,False,False,1.8467
nyc-taxi,spf,26,76,False,1.0,0.0,0.0,0.0,2.141,False,False,0.9936
nyc-taxi,spf,26,6,False,1.0,0.0,0.0,0.0,2.0516,False,False,0.6952
nyc-taxi,spf,26,77,False,1.0,0.0,0.0,0.0,1.9927,False,False,1.1115
nyc-taxi,spf,26,42,False,1.0,0.0,0.0,0.0,2.2876,False,False,1.2538
nyc-taxi,spf,26,67,False,1.0,0.0,0.0,0.0,2.2721,False,False,0.5696
nyc-taxi,spf,26,5,False,1.0,0.0,0.0,0.0,2.0787,False,False,0.0612
nyc-taxi,spf,26,22,True,1.0,0.0,0.0,0.0,2.2091,False,False,0.9901
nyc-taxi,spf,27,78,False,1.0,0.0,0.0,0.0,2.04,False,False,0.2863
nyc-taxi,spf,27,10,False,1.0,0.0,0.0,0.0,2.0901,False,False,0.423
nyc-taxi,spf,27,28,False,1.0,0.0,0.0,0.0,1.8324,False,False,0.1208
nyc-taxi,spf,27,25,False,1.0,0.0,0.0,0.0,1.9533,False,False,1.3043
nyc-taxi,spf,27,66,True,1.0,0.0,0.0,0.0,2.1398,False,False,1.9649
nyc-taxi,spf,27,58,True,1.0,0.0,0.0,0.0,1.8383,False,False,0.4031
nyc-taxi,spf,28,9,False,1.0,0.0,0.0,0.0,1.9248,False,False,0.7614
nyc-taxi,spf,28,67,False,1.0,0.0,0.0,0.0,2.2277,False,False,0.8626
nyc-taxi,spf,28,76,False,1.0,0.0,0.0,0.0,1.9695,False,False,1.4889
nyc-taxi,spf,28,70,False,1.0,0.0,0.0,0.0,2.2009,False,False,1.1921
nyc-taxi,spf,28,2,False,1.0,0.0,0.0,0.0,1.6542,False,False,0.1956
nyc-taxi,spf,29,65,False,1.0,0.0,0.0,0.0,1.7546,False,False,0.6774
nyc-taxi,spf,29,79,False,1.0,0.0,0.0,0.0,2.0224,False,False,0.3843
nyc-taxi,spf,29,66,False,1.0,0.0,0.0,0.0,2.031,False,False,0.8652
nyc-taxi,spf,29,49,True,0.0,0.1,0.1,0.0,5.497,True,False,1.9091
nyc-taxi,spf,29,54,True,1.0,0.0,0.0,0.0,2.2869,False,False,0.0178
nyc-taxi,lfp,0,30,False,0.0,0.9,0.0,0.9,2.2394,False,False,0.3856
nyc-taxi,lfp,0,0,False,0.0,0.9,0.0,0.9,2.0939,False,False,0.1854
nyc-taxi,lfp,0,22,False,0.0,0.9,0.0,0.9,2.0596,False,False,0.0636
nyc-taxi,lfp,0,31,False,0.0,0.9,0.0,0.9,2.3959,False,False,1.5578
nyc-taxi,lfp,0,18,False,0.0,0.9,0.0,0.9,2.3631,False,False,1.2775
nyc-taxi,lfp,0,28,True,0.0244,0.8,0.1,0.9,3.2046,False,False,0.8483
nyc-taxi,lfp,0,10,True,0.0,0.9,0.0,0.9,2.3846,False,False,0.828
nyc-taxi,lfp,0,70,True,0.0,0.9,0.0,0.9,2.1313,False,False,1.5326
nyc-taxi,lfp,1,23,False,0.0,0.9,0.0,0.9,2.2751,False,False,1.1958
nyc-taxi,lfp,1,39,False,0.0,0.9,0.0,0.9,2.419,False,False,1.1617
nyc-taxi,lfp,1,69,False,0.0,0.9,0.0,0.9,1.8587,False,False,1.0724
nyc-taxi,lfp,1,74,False,0.0,0.9,0.0,0.9,2.0825,False,False,0.4672
nyc-taxi,lfp,1,0,True,0.0,0.9,0.0,0.9,1.8427,False,False,1.28
nyc-taxi,lfp,1,1,True,0.0,0.9,0.0,0.9,2.3375,False,False,0.4622
nyc-taxi,lfp,2,49,False,0.0,0.8,0.0,0.8,1.7678,False,False,0.7839
nyc-taxi,lfp,2,43,False,0.0,0.8,0.0,0.8,1.823,False,False,0.9899
nyc-taxi,lfp,2,38,False,0.0,0.8,0.0,0.8,2.7293,False,False,1.6838
nyc-taxi,lfp,2,46,False,0.0,0.8,0.0,0.8,2.5005,False,False,0.78
nyc-taxi,lfp,2,79,False,0.0,0.8,0.0,0.8,1.8935,False,False,0.6525
nyc-taxi,lfp,2,24,True,0.0,0.8,0.0,0.8,1.8,False,False,0.895
nyc-taxi,lfp,2,19,True,0.0,0.8,0.0,0.8,2.5139,False,False,0.8574
nyc-taxi,lfp,3,55,False,0.0,0.7,0.0,0.7,2.2259,False,False,0.4945
nyc-taxi,lfp,3,25,False,0.0,0.7,0.0,0.7,2.1539,False,False,0.142
nyc-taxi,lfp,3,10,False,0.0,0.7,0.0,0.7,2.0846,False,False,1.4401
nyc-taxi,lfp,3,19,False,0.0,0.7,0.0,0.7,2.2535,False,False,0.828
nyc-taxi,lfp,3,45,False,0.0,0.7,0.0,0.7,2.5044,False,False,1.4229
nyc-taxi,lfp,3,1,False,0.0,0.7,0.0,0.7,2.3415,False,False,0.9391
nyc-taxi,lfp,3,73,False,0.0,0.7,0.0,0.7,2.047,False,False,1.2873
nyc-taxi,lfp,3,21,False,0.0,0.7,0.0,0.7,2.4039,False,False,1.1791
nyc-taxi,lfp,3,54,True,0.0,0.7,0.0,0.7,3.1161,False,False,0.9694
nyc-taxi,lfp,3,2,True,0.0,0.7,0.0,0.7,2.1551,False,False,0.2868
nyc-taxi,lfp,4,47,False,0.0,0.7,0.0,0.7,2.3463,False,False,0.2415
nyc-taxi,lfp,4,78,False,0.0,0.7,0.0,0.7,2.1978,False,False,1.1977
nyc-taxi,lfp,4,36,False,0.0,0.7,0.0,0.7,2.1829,False,False,0.2089
nyc-taxi,lfp,4,51,False,0.0,0.7,0.0,0.7,1.8005,False,False,1.302
nyc-taxi,lfp,4,44,False,0.0,0.7,0.0,0.7,2.095,False,False,0.4464
nyc-taxi,lfp,4,13,False,0.0,0.7,0.0,0.7,2.4862,False,False,1.6028
nyc-taxi,lfp,5,70,False,0.0,0.4,0.0,0.4,2.2801,False,False,0.613
nyc-taxi,lfp,5,25,False,0.0,0.4,0.0,0.4,2.1271,False,False,1.5535
nyc-taxi,lfp,5,14,False,0.0,0.4,0.0,0.4,2.349,False,False,1.3336
nyc-taxi,lfp,5,40,False,0.0,0.4,0.0,0.4,2.1508,False,False,0.1813
nyc-taxi,lfp,5,73,False,0.0,0.4,0.0,0.4,2.2777,False,False,0.9995
nyc-taxi,lfp,5,64,True,0.0,0.4,0.0,0.4,2.1136,False,False,0.4249
nyc-taxi,lfp,5,42,True,0.0,0.4,0.0,0.4,2.0607,False,False,1.0535
nyc-taxi,lfp,5,38,True,0.0,0.4,0.0,0.4,2.3127,False,False,1.0538
nyc-taxi,lfp,6,9,False,0.0,0.4,0.0,0.4,1.8693,False,False,1.5819
nyc-taxi,lfp,6,40,False,0.0,0.4,0.0,0.4,2.0314,False,False,1.3437
nyc-taxi,lfp,6,60,False,0.0,0.4,0.0,0.4,1.928,False,False,0.4991
nyc-taxi,lfp,6,59,False,0.0,0.4,0.0,0.4,1.9443,False,False,0.714
nyc-taxi,lfp,6,38,True,0.0,0.4,0.0,0.4,2.4258,False,False,0.871
nyc-taxi,lfp,6,8,True,0.0,0.4,0.0,0.4,2.0244,False,False,0.4179
nyc-taxi,lfp,7,21,False,0.0,0.3,0.0,0.3,2.4528,False,False,1.5224
nyc-taxi,lfp,7,29,False,0.0,0.3,0.0,0.3,2.0868,False,False,1.095
nyc-taxi,lfp,7,0,False,0.0,0.3,0.0,0.3,2.2444,False,False,0.3936
nyc-taxi,lfp,7,23,False,0.0,0.3,0.0,0.3,2.4859,False,False,0.5796
nyc-taxi,lfp,7,11,True,0.0,0.3,0.0,0.3,1.9663,False,False,1.5686
nyc-taxi,lfp,7,62,True,0.0,0.3,0.0,0.3,2.2257,False,False,0.5771
nyc-taxi,lfp,7,19,True,0.0,0.3,0.0,0.3,2.2811,False,False,0.4458
nyc-taxi,lfp,8,79,False,0.0,0.3,0.0,0.3,1.7143,False,False,0.453
nyc-taxi,lfp,8,17,False,0.0,0.3,0.0,0.3,1.9549,False,False,0.0262
nyc-taxi,lfp,8,66,True,0.0,0.3,0.0,0.3,1.8392,False,False,1.1473
nyc-taxi,lfp,8,45,True,0.0,0.3,0.0,0.3,2.8403,False,False,1.5741
nyc-taxi,lfp,9,72,False,0.0,0.3,0.0,0.3,2.4042,False,False,0.0154
nyc-taxi,lfp,9,77,False,0.0,0.3,0.0,0.3,2.6226,False,False,0.3601
nyc-taxi,lfp,9,15,False,0.0,0.3,0.0,0.3,2.3149,False,False,0.7149
nyc-taxi,lfp,9,0,False,0.0,0.3,0.0,0.3,1.9586,False,False,0.6158
nyc-taxi,lfp,9,12,False,0.0,0.3,0.0,0.3,1.7956,False,False,0.637
nyc-taxi,lfp,9,64,True,0.0,0.3,0.0,0.3,1.8617,False,False,0.6474
nyc-taxi,lfp,9,29,True,0.3478,0.1,0.4,0.3,5.2686,False,True,2.2704
nyc-taxi,lfp,10,8,False,0.0,0.3,0.0,0.3,1.7581,False,False,1.0899
nyc-taxi,lfp,10,2,False,0.0,0.3,0.0,0.3,1.5959,False,False,0.8712
nyc-taxi,lfp,10,4,False,0.0,0.3,0.0,0.3,1.9008,False,False,1.2354
nyc-taxi,lfp,10,64,True,0.0,0.3,0.0,0.3,2.1404,False,False,0.7257
nyc-taxi,lfp,11,20,False,0.0,0.3,0.0,0.3,1.6383,False,False,1.1799
nyc-taxi,lfp,11,49,False,0.0,0.3,0.0,0.3,1.8151,False,False,1.0562
nyc-taxi,lfp,11,30,False,0.0,0.3,0.0,0.3,1.8613,False,False,1.0281
nyc-taxi,lfp,11,17,False,0.0,0.3,0.0,0.3,2.373,False,False,0.6071
nyc-taxi,lfp,11,73,True,0.0,0.3,0.0,0.3,2.0609,False,False,0.4494
nyc-taxi,lfp,11,43,True,0.0,0.3,0.0,0.3,2.2363,False,False,1.3656
nyc-taxi,lfp,12,45,False,0.0,0.3,0.0,0.3,2.181,False,False,0.9766
nyc-taxi,lfp,12,72,False,0.0,0.3,0.0,0.3,2.2731,False,False,0.6658
nyc-taxi,lfp,12,47,False,0.0,0.3,0.0,0.3,2.0,False,False,0.8236
nyc-taxi,lfp,12,53,False,0.0,0.3,0.0,0.3,2.2135,False,False,1.1474
nyc-taxi,lfp,12,40,True,0.0,0.3,0.0,0.3,1.5914,False,False,1.191
nyc-taxi,lfp,12,29,True,0.0,0.3,0.0,0.3,2.3528,False,False,1.0907
nyc-taxi,lfp,13,6,False,0.0,0.3,0.0,0.3,1.8604,False,False,1.8226
nyc-taxi,lfp,13,17,False,0.0,0.3,0.0,0.3,1.9619,False,False,0.3129
nyc-taxi,lfp,13,69,False,0.0,0.3,0.0,0.3,2.4128,False,False,0.8982
nyc-taxi,lfp,13,66,True,0.0,0.3,0.0,0.3,1.9993,False,False,0.5547
nyc-taxi,lfp,13,15,True,0.0,0.3,0.0,0.3,2.2666,False,False,0.6826
nyc-taxi,lfp,14,4,False,0.0,0.3,0.0,0.3,2.3614,False,False,0.9049
nyc-taxi,lfp,14,61,False,0.0,0.3,0.0,0.3,1.9753,False,False,0.6362
nyc-taxi,lfp,14,71,False,0.0,0.3,0.0,0.3,2.2188,False,False,0.7187
nyc-taxi,lfp,14,48,False,0.0,0.3,0.0,0.3,1.7822,False,False,0.8241
nyc-taxi,lfp,14,56,True,0.0,0.3,0.0,0.3,3.0988,False,False,1.8668
nyc-taxi,lfp,14,59,True,0.0,0.3,0.0,0.3,1.8954,False,False,0.9746
nyc-taxi,lfp,14,39,True,0.0,0.3,0.0,0.3,2.0633,False,False,0.382
nyc-taxi,lfp,15,73,False,0.0,0.3,0.0,0.3,1.7931,False,False,0.8182
nyc-taxi,lfp,15,62,False,0.0,0.3,0.0,0.3,2.1593,False,False,1.9701
nyc-taxi,lfp,15,17,False,0.0,0.3,0.0,0.3,1.6767,False,False,0.4443
nyc-taxi,lfp,15,51,False,0.0,0.3,0.0,0.3,1.8351,False,False,0.3817
nyc-taxi,lfp,15,68,True,0.0,0.3,0.0,0.3,2.0668,False,False,0.3258
nyc-taxi,lfp,16,20,False,0.0,0.3,0.0,0.3,2.0245,False,False,1.0325
nyc-taxi,lfp,16,56,False,0.0,0.3,0.0,0.3,2.3192,False,False,0.5771
nyc-taxi,lfp,16,36,False,0.0,0.3,0.0,0.3,1.9487,False,False,1.0905
nyc-taxi,lfp,16,55,False,0.0,0.3,0.0,0.3,1.9895,False,False,0.7336
nyc-taxi,lfp,16,16,True,0.0,0.3,0.0,0.3,2.2787,False,False,1.3688
nyc-taxi,lfp,17,27,False,0.0,0.3,0.0,0.3,2.022,False,False,1.0823
nyc-taxi,lfp,17,36,False,0.0,0.3,0.0,0.3,1.9066,False,False,0.6352
nyc-taxi,lfp,17,43,False,0.0,0.3,0.0,0.3,1.7629,False,False,1.0061
nyc-taxi,lfp,17,38,False,0.0,0.3,0.0,0.3,1.8864,False,False,0.9027
nyc-taxi,lfp,17,52,True,0.0,0.3,0.0,0.3,2.3557,False,False,1.0401
nyc-taxi,lfp,17,18,True,0.0,0.3,0.0,0.3,2.3161,False,False,1.2313
nyc-taxi,lfp,18,13,False,0.0,0.3,0.0,0.3,2.3149,False,False,0.8171
nyc-taxi,lfp,18,48,False,0.0,0.3,0.0,0.3,2.2853,False,False,0.902
nyc-taxi,lfp,18,64,False,0.0,0.3,0.0,0.3,2.188,False,False,0.1229
nyc-taxi,lfp,18,12,False,0.0,0.3,0.0,0.3,2.0126,False,False,0.7895
nyc-taxi,lfp,18,52,True,0.0,0.3,0.0,0.3,2.4035,False,False,0.2052
nyc-taxi,lfp,18,3,True,-0.1765,0.2,0.1,0.3,4.934,True,True,2.1995
nyc-taxi,lfp,18,74,True,0.0,0.3,0.0,0.3,2.3028,False,False,0.019
nyc-taxi,lfp,19,14,False,0.0,0.3,0.0,0.3,2.3366,False,False,1.1185
nyc-taxi,lfp,19,77,False,0.0,0.3,0.0,0.3,2.3544,False,False,1.4303
nyc-taxi,lfp,19,31,False,0.0,0.3,0.0,0.3,1.889,False,False,1.2792
nyc-taxi,lfp,19,1,False,0.0,0.3,0.0,0.3,1.9652,False,False,1.2041
nyc-taxi,lfp,19,33,False,0.0,0.3,0.0,0.3,2.0768,False,False,0.3934
nyc-taxi,lfp,19,50,False,0.0,0.3,0.0,0.3,2.2989,False,False,0.6676
nyc-taxi,lfp,19,62,False,0.0,0.3,0.0,0.3,2.1111,False,False,1.0002
nyc-taxi,lfp,19,35,True,0.0,0.3,0.0,0.3,1.9784,False,False,0.1263
nyc-taxi,lfp,20,78,False,0.0,0.3,0.0,0.3,2.5377,False,False,0.9179
nyc-taxi,lfp,20,31,False,0.0,0.3,0.0,0.3,1.7775,False,False,1.0565
nyc-taxi,lfp,20,59,False,0.0,0.3,0.0,0.3,1.958,False,False,0.1814
nyc-taxi,lfp,20,74,False,0.0,0.3,0.0,0.3,2.3143,False,False,1.2912
nyc-taxi,lfp,20,28,False,0.0,0.3,0.0,0.3,2.182,False,False,0.9791
nyc-taxi,lfp,20,49,False,0.0,0.3,0.0,0.3,2.4318,False,False,1.3059
nyc-taxi,lfp,20,6,True,0.0,0.3,0.0,0.3,2.2747,False,False,1.0283
nyc-taxi,lfp,20,70,True,0.0,0.3,0.0,0.3,1.8929,False,False,1.0256
nyc-taxi,lfp,20,44,True,0.0,0.3,0.0,0.3,1.9058,False,False,0.5281
nyc-taxi,lfp,20,43,True,0.0,0.3,0.0,0.3,2.3547,False,False,1.1354
nyc-taxi,lfp,21,23,False,0.0,0.2,0.0,0.2,2.2254,False,False,1.1688
nyc-taxi,lfp,21,29,False,0.0,0.2,0.0,0.2,2.4894,False,False,1.7412
nyc-taxi,lfp,21,50,False,0.0,0.2,0.0,0.2,1.6373,False,False,0.1742
nyc-taxi,lfp,21,51,False,0.0,0.2,0.0,0.2,1.7455,False,False,0.2666
nyc-taxi,lfp,21,43,True,0.0,0.2,0.0,0.2,2.0924,False,False,0.5923
nyc-taxi,lfp,21,33,True,0.0,0.2,0.0,0.2,1.726,False,False,1.0724
nyc-taxi,lfp,22,17,False,0.0,0.1,0.0,0.1,1.6836,False,False,1.0391
nyc-taxi,lfp,22,47,False,0.0,0.1,0.0,0.1,1.982,False,False,0.1175
nyc-taxi,lfp,22,24,False,0.0,0.1,0.0,0.1,2.3461,False,False,0.4359
nyc-taxi,lfp,22,62,False,0.0,0.1,0.0,0.1,1.8158,False,False,0.8487
nyc-taxi,lfp,22,46,False,0.0,0.1,0.0,0.1,2.2307,False,False,0.0304
nyc-taxi,lfp,22,52,True,0.0,0.1,0.0,0.1,2.3056,False,False,0.1226
nyc-taxi,lfp,22,33,True,-0.1765,0.2,0.3,0.1,5.2421,True,True,2.2159
nyc-taxi,lfp,22,58,True,0.0,0.1,0.0,0.1,2.4413,False,False,1.0344
nyc-taxi,lfp,23,69,False,1.0,0.0,0.0,0.0,2.2524,False,False,0.052
nyc-taxi,lfp,23,64,False,1.0,0.0,0.0,0.0,2.0695,False,False,0.1719
nyc-taxi,lfp,23,78,False,1.0,0.0,0.0,0.0,1.9202,False,False,0.8726
nyc-taxi,lfp,23,79,False,1.0,0.0,0.0,0.0,2.0902,False,False,0.0498
nyc-taxi,lfp,23,70,True,0.0,0.5,0.5,0.0,4.7447,True,True,2.0809
nyc-taxi,lfp,23,57,True,1.0,0.0,0.0,0.0,2.0349,False,False,0.9346
nyc-taxi,lfp,24,45,False,1.0,0.0,0.0,0.0,2.5381,False,False,0.3312
nyc-taxi,lfp,24,66,False,1.0,0.0,0.0,0.0,2.3853,False,False,1.5131
nyc-taxi,lfp,24,15,False,1.0,0.0,0.0,0.0,2.1817,False,False,1.2105
nyc-taxi,lfp,24,78,False,1.0,0.0,0.0,0.0,1.8691,False,False,1.0005
nyc-taxi,lfp,24,41,False,1.0,0.0,0.0,0.0,2.0089,False,False,0.3668
nyc-taxi,lfp,25,0,False,1.0,0.0,0.0,0.0,1.8869,False,False,0.4189
nyc-taxi,lfp,25,20,False,1.0,0.0,0.0,0.0,1.9899,False,False,0.9593
nyc-taxi,lfp,25,21,False,1.0,0.0,0.0,0.0,2.0351,False,False,1.4446
nyc-taxi,lfp,25,65,True,1.0,0.0,0.0,0.0,1.3918,False,False,0.9042
nyc-taxi,lfp,26,40,False,1.0,0.0,0.0,0.0,2.2412,False,False,0.3248
nyc-taxi,lfp,26,25,False,1.0,0.0,0.0,0.0,2.2895,False,False,1.9955
nyc-taxi,lfp,26,76,False,1.0,0.0,0.0,0.0,2.2077,False,False,0.8197
nyc-taxi,lfp,26,6,False,1.0,0.0,0.0,0.0,2.1243,False,False,0.4373
nyc-taxi,lfp,26,77,False,1.0,0.0,0.0,0.0,2.1737,False,False,1.3079
nyc-taxi,lfp,26,42,False,1.0,0.0,0.0,0.0,2.3593,False,False,1.4249
nyc-taxi,lfp,26,67,False,1.0,0.0,0.0,0.0,2.4625,False,False,0.0781
nyc-taxi,lfp,26,5,False,1.0,0.0,0.0,0.0,2.1766,False,False,0.0625
nyc-taxi,lfp,26,22,True,1.0,0.0,0.0,0.0,2.1496,False,False,0.5462
nyc-taxi,lfp,27,78,False,1.0,0.0,0.0,0.0,2.1533,False,False,0.1287
nyc-taxi,lfp,27,10,False,1.0,0.0,0.0,0.0,2.1047,False,False,0.0266
nyc-taxi,lfp,27,28,False,1.0,0.0,0.0,0.0,2.0421,False,False,0.5464
nyc-taxi,lfp,27,25,False,1.0,0.0,0.0,0.0,2.1015,False,False,1.5548
nyc-taxi,lfp,27,66,True,1.0,0.0,0.0,0.0,2.3516,False,False,1.7287
nyc-taxi,lfp,27,58,True,1.0,0.0,0.0,0.0,1.93,False,False,0.5278
nyc-taxi,lfp,28,9,False,1.0,0.0,0.0,0.0,1.9344,False,False,1.0475
nyc-taxi,lfp,28,67,False,1.0,0.0,0.0,0.0,2.1778,False,False,0.5766
nyc-taxi,lfp,28,76,False,1.0,0.0,0.0,0.0,1.9281,False,False,1.2177
nyc-taxi,lfp,28,70,False,1.0,0.0,0.0,0.0,2.3521,False,False,1.4195
nyc-taxi,lfp,28,2,False,1.0,0.0,0.0,0.0,1.9107,False,False,0.2692
nyc-taxi,lfp,29,65,False,1.0,0.0,0.0,0.0,1.8751,False,False,0.7453
nyc-taxi,lfp,29,79,False,1.0,0.0,0.0,0.0,2.1998,False,False,0.2664
nyc-taxi,lfp,29,66,False,1.0,0.0,0.0,0.0,2.1244,False,False,0.9123
nyc-taxi,lfp,29,49,True,0.0,0.4,0.4,0.0,4.9402,True,False,1.8813
nyc-taxi,lfp,29,54,True,1.0,0.0,0.0,0.0,2.2646,False,False,0.0427
nyc-taxi,ooa,0,30,False,0.0,0.7,0.0,0.7,2.1802,False,False,0.2387
nyc-taxi,ooa,0,0,False,0.0,0.7,0.0,0.7,2.2183,False,False,0.2248
nyc-taxi,ooa,0,22,False,0.0,0.7,0.0,0.7,2.1889,False,False,0.1038
nyc-taxi,ooa,0,31,False,0.0,0.7,0.0,0.7,2.217,False,False,1.6469
nyc-taxi,ooa,0,18,False,0.0,0.7,0.0,0.7,2.0884,False,False,0.98
nyc-taxi,ooa,0,28,False,0.0,0.7,0.0,0.7,2.5057,False,False,1.3502
nyc-taxi,ooa,0,10,False,0.0,0.7,0.0,0.7,2.2203,False,False,0.7545
nyc-taxi,ooa,0,70,False,0.0,0.7,0.0,0.7,2.2362,False,False,1.3479
nyc-taxi,ooa,1,23,False,0.0,0.6,0.0,0.6,2.1844,False,False,1.2275
nyc-taxi,ooa,1,39,False,0.0,0.6,0.0,0.6,2.4707,False,False,1.2264
nyc-taxi,ooa,1,69,False,0.0,0.6,0.0,0.6,1.8268,False,False,0.8084
nyc-taxi,ooa,1,74,False,0.0,0.6,0.0,0.6,1.9446,False,False,0.999
nyc-taxi,ooa,1,0,False,0.0,0.6,0.0,0.6,2.1201,False,False,1.0745
nyc-taxi,ooa,1,1,False,0.0,0.6,0.0,0.6,2.4924,False,False,0.428
nyc-taxi,ooa,2,49,False,0.0,0.5,0.0,0.5,2.046,False,False,0.7571
nyc-taxi,ooa,2,43,False,0.0,0.5,0.0,0.5,2.2683,False,False,0.9736
nyc-taxi,ooa,2,38,False,0.0,0.5,0.0,0.5,2.7674,False,False,1.6489
nyc-taxi,ooa,2,46,False,0.0,0.5,0.0,0.5,2.4467,False,False,0.7884
nyc-taxi,ooa,2,79,False,0.0,0.5,0.0,0.5,1.8874,False,False,0.4545
nyc-taxi,ooa,2,24,False,0.0,0.5,0.0,0.5,2.1689,False,False,1.1007
nyc-taxi,ooa,2,19,False,0.0,0.5,0.0,0.5,2.4665,False,False,0.8487
nyc-taxi,ooa,3,55,False,0.0,0.4,0.0,0.4,2.1752,False,False,0.067
nyc-taxi,ooa,3,25,False,0.0,0.4,0.0,0.4,2.2648,False,False,0.2455
nyc-taxi,ooa,3,10,False,0.0,0.4,0.0,0.4,2.4803,False,False,1.1911
nyc-taxi,ooa,3,19,False,0.0,0.4,0.0,0.4,2.1565,False,False,1.1912
nyc-taxi,ooa,3,45,False,0.0,0.4,0.0,0.4,2.3442,False,False,1.115
nyc-taxi,ooa,3,1,False,0.0,0.4,0.0,0.4,2.2459,False,False,1.3042
nyc-taxi,ooa,3,73,False,0.0,0.4,0.0,0.4,2.2395,False,False,0.772
nyc-taxi,ooa,3,21,False,0.0,0.4,0.0,0.4,2.473,False,False,1.1932
nyc-taxi,ooa,3,54,False,0.0,0.4,0.0,0.4,2.5305,False,False,1.3905
nyc-taxi,ooa,3,2,False,0.0,0.4,0.0,0.4,2.2247,False,False,0.4472
nyc-taxi,ooa,4,47,False,0.0,0.3,0.0,0.3,2.2983,False,False,0.1652
nyc-taxi,ooa,4,78,False,0.0,0.3,0.0,0.3,2.026,False,False,1.3572
nyc-taxi,ooa,4,36,False,0.0,0.3,0.0,0.3,2.3468,False,False,0.4308
nyc-taxi,ooa,4,51,False,0.0,0.3,0.0,0.3,1.9173,False,False,1.2366
nyc-taxi,ooa,4,44,False,0.0,0.3,0.0,0.3,2.2182,False,False,0.5405
nyc-taxi,ooa,4,13,False,0.0,0.3,0.0,0.3,2.2845,False,False,1.4574
nyc-taxi,ooa,5,70,False,0.0,0.3,0.0,0.3,2.1354,False,False,0.2069
nyc-taxi,ooa,5,25,False,0.0,0.3,0.0,0.3,2.4594,False,False,1.1811
nyc-taxi,ooa,5,14,False,0.0,0.3,0.0,0.3,2.5112,False,False,1.4839
nyc-taxi,ooa,5,40,False,0.0,0.3,0.0,0.3,2.2134,False,False,0.2493
nyc-taxi,ooa,5,73,False,0.0,0.3,0.0,0.3,2.1122,False,False,1.3765
nyc-taxi,ooa,5,64,True,0.0,0.3,0.0,0.3,2.1462,False,False,0.5386
nyc-taxi,ooa,5,42,True,0.0,0.3,0.0,0.3,1.9083,False,False,0.9877
nyc-taxi,ooa,5,38,True,0.0,0.3,0.0,0.3,2.2814,False,False,1.0666
nyc-taxi,ooa,6,9,False,0.0,0.2,0.0,0.2,2.0232,False,False,1.7136
nyc-taxi,ooa,6,40,False,0.0,0.2,0.0,0.2,2.1495,False,False,1.1977
nyc-taxi,ooa,6,60,False,0.0,0.2,0.0,0.2,1.8837,False,False,1.0183
nyc-taxi,ooa,6,59,False,0.0,0.2,0.0,0.2,2.0785,False,False,0.5564
nyc-taxi,ooa,6,38,True,0.0,0.2,0.0,0.2,2.1476,False,False,0.402
nyc-taxi,ooa,6,8,True,0.0,0.2,0.0,0.2,2.0875,False,False,0.348
nyc-taxi,ooa,7,21,False,0.0,0.1,0.0,0.1,2.1811,False,False,1.6849
nyc-taxi,ooa,7,29,False,0.0,0.1,0.0,0.1,2.2708,False,False,1.3151
nyc-taxi,ooa,7,0,False,0.0,0.1,0.0,0.1,2.4399,False,False,0.3296
nyc-taxi,ooa,7,23,False,0.0,0.1,0.0,0.1,2.4594,False,False,0.4942
nyc-taxi,ooa,7,11,True,0.0,0.1,0.0,0.1,1.879,False,False,1.3052
nyc-taxi,ooa,7,62,True,0.0,0.1,0.0,0.1,2.1989,False,False,0.3446
nyc-taxi,ooa,7,19,True,0.0,0.1,0.0,0.1,2.2637,False,False,0.5066
nyc-taxi,ooa,8,79,False,1.0,0.0,0.0,0.0,1.6138,False,False,0.4062
nyc-taxi,ooa,8,17,False,1.0,0.0,0.0,0.0,2.0344,False,False,0.1515
nyc-taxi,ooa,8,66,True,1.0,0.0,0.0,0.0,2.2013,False,False,1.0733
nyc-taxi,ooa,8,45,True,1.0,0.0,0.0,0.0,2.2417,False,False,1.631
nyc-taxi,ooa,9,72,False,1.0,0.0,0.0,0.0,2.4996,False,False,0.0169
nyc-taxi,ooa,9,77,False,1.0,0.0,0.0,0.0,2.8174,False,False,0.3038
nyc-taxi,ooa,9,15,False,1.0,0.0,0.0,0.0,2.2121,False,False,0.6242
nyc-taxi,ooa,9,0,False,1.0,0.0,0.0,0.0,1.6915,False,False,0.6639
nyc-taxi,ooa,9,12,False,1.0,0.0,0.0,0.0,1.6984,False,False,0.7411
nyc-taxi,ooa,9,64,True,1.0,0.0,0.0,0.0,1.8251,False,False,0.5448
nyc-taxi,ooa,9,29,True,0.0,0.1,0.1,0.0,5.299,True,True,2.2871
nyc-taxi,ooa,10,8,False,1.0,0.0,0.0,0.0,1.9972,False,False,1.0273
nyc-taxi,ooa,10,2,False,1.0,0.0,0.0,0.0,1.6713,False,False,0.9233
nyc-taxi,ooa,10,4,False,1.0,0.0,0.0,0.0,2.1542,False,False,1.2832
nyc-taxi,ooa,10,64,False,1.0,0.0,0.0,0.0,2.2964,False,False,0.6674
nyc-taxi,ooa,11,20,False,1.0,0.0,0.0,0.0,2.3028,False,False,0.951
nyc-taxi,ooa,11,49,False,1.0,0.0,0.0,0.0,2.0225,False,False,0.6399
nyc-taxi,ooa,11,30,False,1.0,0.0,0.0,0.0,2.0129,False,False,1.3266
nyc-taxi,ooa,11,17,False,1.0,0.0,0.0,0.0,2.0187,False,False,1.2168
nyc-taxi,ooa,11,73,False,1.0,0.0,0.0,0.0,2.2052,False,False,0.3229
nyc-taxi,ooa,11,43,False,1.0,0.0,0.0,0.0,2.1985,False,False,1.1582
nyc-taxi,ooa,12,45,False,1.0,0.0,0.0,0.0,2.3974,False,False,0.9122
nyc-taxi,ooa,12,72,False,1.0,0.0,0.0,0.0,1.9495,False,False,1.0545
nyc-taxi,ooa,12,47,False,1.0,0.0,0.0,0.0,2.1703,False,False,1.0075
nyc-taxi,ooa,12,53,False,1.0,0.0,0.0,0.0,2.155,False,False,1.0742
nyc-taxi,ooa,12,40,False,1.0,0.0,0.0,0.0,1.966,False,False,1.0246
nyc-taxi,ooa,12,29,False,1.0,0.0,0.0,0.0,2.1627,False,False,0.9149
nyc-taxi,ooa,13,6,False,1.0,0.0,0.0,0.0,1.7975,False,False,1.9216
nyc-taxi,ooa,13,17,False,1.0,0.0,0.0,0.0,1.8957,False,False,0.0049
nyc-taxi,ooa,13,69,False,1.0,0.0,0.0,0.0,2.2624,False,False,0.5388
nyc-taxi,ooa,13,66,False,1.0,0.0,0.0,0.0,2.0583,False,False,0.8586
nyc-taxi,ooa,13,15,False,1.0,0.0,0.0,0.0,2.3062,False,False,0.5291
nyc-taxi,ooa,14,4,False,1.0,0.0,0.0,0.0,2.3524,False,False,0.8842
nyc-taxi,ooa,14,61,False,1.0,0.0,0.0,0.0,2.0968,False,False,0.3187
nyc-taxi,ooa,14,71,False,1.0,0.0,0.0,0.0,2.2083,False,False,0.942
nyc-taxi,ooa,14,48,False,1.0,0.0,0.0,0.0,1.8558,False,False,0.8993
nyc-taxi,ooa,14,56,False,1.0,0.0,0.0,0.0,2.8458,False,False,1.9076
nyc-taxi,ooa,14,59,False,1.0,0.0,0.0,0.0,1.9362,False,False,0.8554
nyc-taxi,ooa,14,39,False,1.0,0.0,0.0,0.0,2.0751,False,False,0.2235
nyc-taxi,ooa,15,73,False,1.0,0.0,0.0,0.0,2.0786,False,False,0.9791
nyc-taxi,ooa,15,62,False,1.0,0.0,0.0,0.0,2.4942,False,False,1.9175
nyc-taxi,ooa,15,17,False,1.0,0.0,0.0,0.0,1.7442,False,False,0.341
nyc-taxi,ooa,15,51,False,1.0,0.0,0.0,0.0,1.8012,False,False,0.1121
nyc-taxi,ooa,15,68,True,1.0,0.0,0.0,0.0,2.1729,False,False,0.4853
nyc-taxi,ooa,16,20,False,1.0,0.0,0.0,0.0,2.0155,False,False,1.2337
nyc-taxi,ooa,16,56,False,1.0,0.0,0.0,0.0,2.116,False,False,0.8717
nyc-taxi,ooa,16,36,False,1.0,0.0,0.0,0.0,1.8496,False,False,1.1571
nyc-taxi,ooa,16,55,False,1.0,0.0,0.0,0.0,2.2025,False,False,0.3315
nyc-taxi,ooa,16,16,True,1.0,0.0,0.0,0.0,2.2168,False,False,1.1267
nyc-taxi,ooa,17,27,False,1.0,0.0,0.0,0.0,2.1665,False,False,1.3644
nyc-taxi,ooa,17,36,False,1.0,0.0,0.0,0.0,1.9096,False,False,0.4313
nyc-taxi,ooa,17,43,False,1.0,0.0,0.0,0.0,1.7445,False,False,0.8366
nyc-taxi,ooa,17,38,False,1.0,0.0,0.0,0.0,2.276,False,False,0.9678
nyc-taxi,ooa,17,52,True,1.0,0.0,0.0,0.0,2.302,False,False,1.0716
nyc-taxi,ooa,17,18,True,1.0,0.0,0.0,0.0,2.2339,False,False,1.0804
nyc-taxi,ooa,18,13,False,1.0,0.0,0.0,0.0,2.2915,False,False,0.7649
nyc-taxi,ooa,18,48,False,1.0,0.0,0.0,0.0,2.2147,False,False,0.8337
nyc-taxi,ooa,18,64,False,1.0,0.0,0.0,0.0,2.1276,False,False,0.1443
nyc-taxi,ooa,18,12,False,1.0,0.0,0.0,0.0,2.4606,False,False,0.6716
nyc-taxi,ooa,18,52,True,1.0,0.0,0.0,0.0,2.1537,False,False,0.0481
nyc-taxi,ooa,18,3,True,0.0,0.1,0.1,0.0,5.3062,True,True,2.2813
nyc-taxi,ooa,18,74,True,1.0,0.0,0.0,0.0,2.1048,False,False,0.2035
nyc-taxi,ooa,19,14,False,1.0,0.0,0.0,0.0,2.4512,False,False,1.3286
nyc-taxi,ooa,19,77,False,1.0,0.0,0.0,0.0,2.2774,False,False,1.288
nyc-taxi,ooa,19,31,False,1.0,0.0,0.0,0.0,2.0714,False,False,0.9224
nyc-taxi,ooa,19,1,False,1.0,0.0,0.0,0.0,1.8853,False,False,1.2414
nyc-taxi,ooa,19,33,False,1.0,0.0,0.0,0.0,2.0623,False,False,0.5916
nyc-taxi,ooa,19,50,False,1.0,0.0,0.0,0.0,2.0796,False,False,0.401
nyc-taxi,ooa,19,62,False,1.0,0.0,0.0,0.0,2.0311,False,False,1.2834
nyc-taxi,ooa,19,35,True,1.0,0.0,0.0,0.0,1.9906,False,False,0.1619
nyc-taxi,ooa,20,78,False,1.0,0.0,0.0,0.0,2.4057,False,False,0.8126
nyc-taxi,ooa,20,31,False,1.0,0.0,0.0,0.0,1.7449,False,False,1.0964
nyc-taxi,ooa,20,59,False,1.0,0.0,0.0,0.0,2.0627,False,False,0.6165
nyc-taxi,ooa,20,74,False,1.0,0.0,0.0,0.0,2.1646,False,False,1.2273
nyc-taxi,ooa,20,28,False,1.0,0.0,0.0,0.0,2.0017,False,False,1.2976
nyc-taxi,ooa,20,49,False,1.0,0.0,0.0,0.0,2.2064,False,False,1.001
nyc-taxi,ooa,20,6,False,1.0,0.0,0.0,0.0,2.2034,False,False,1.2111
nyc-taxi,ooa,20,70,False,1.0,0.0,0.0,0.0,2.0723,False,False,0.8948
nyc-taxi,ooa,20,44,False,1.0,0.0,0.0,0.0,1.9274,False,False,0.6307
nyc-taxi,ooa,20,43,False,1.0,0.0,0.0,0.0,2.3111,False,False,0.949
nyc-taxi,ooa,21,23,False,1.0,0.0,0.0,0.0,2.1137,False,False,1.5321
nyc-taxi,ooa,21,29,False,1.0,0.0,0.0,0.0,2.3233,False,False,1.4339
nyc-taxi,ooa,21,50,False,1.0,0.0,0.0,0.0,1.6936,False,False,0.2793
nyc-taxi,ooa,21,51,False,1.0,0.0,0.0,0.0,1.7872,False,False,0.1744
nyc-taxi,ooa,21,43,False,1.0,0.0,0.0,0.0,1.9262,False,False,0.6663
nyc-taxi,ooa,21,33,False,1.0,0.0,0.0,0.0,1.7948,False,False,1.0219
nyc-taxi,ooa,22,17,False,1.0,0.0,0.0,0.0,2.0358,False,False,0.7759
nyc-taxi,ooa,22,47,False,1.0,0.0,0.0,0.0,1.9789,False,False,0.0607
nyc-taxi,ooa,22,24,False,1.0,0.0,0.0,0.0,2.113,False,False,0.0739
nyc-taxi,ooa,22,62,False,1.0,0.0,0.0,0.0,2.2822,False,False,0.7264
nyc-taxi,ooa,22,46,False,1.0,0.0,0.0,0.0,1.9838,False,False,0.1864
nyc-taxi,ooa,22,52,False,1.0,0.0,0.0,0.0,2.0434,False,False,0.0246
nyc-taxi,ooa,22,33,False,0.0,0.1,0.1,0.0,5.6545,True,True,2.4596
nyc-taxi,ooa,22,58,False,1.0,0.0,0.0,0.0,2.4069,False,False,0.881
nyc-taxi,ooa,23,69,False,1.0,0.0,0.0,0.0,2.1311,False,False,0.2564
nyc-taxi,ooa,23,64,False,1.0,0.0,0.0,0.0,2.079,False,False,0.2825
nyc-taxi,ooa,23,78,False,1.0,0.0,0.0,0.0,2.1007,False,False,0.6589
nyc-taxi,ooa,23,79,False,1.0,0.0,0.0,0.0,2.0322,False,False,0.1262
nyc-taxi,ooa,23,70,False,0.0,0.1,0.1,0.0,5.0411,True,True,2.1667
nyc-taxi,ooa,23,57,False,1.0,0.0,0.0,0.0,1.9467,False,False,0.8426
nyc-taxi,ooa,24,45,False,1.0,0.0,0.0,0.0,2.4391,False,False,0.2975
nyc-taxi,ooa,24,66,False,1.0,0.0,0.0,0.0,2.3637,False,False,1.34
nyc-taxi,ooa,24,15,False,1.0,0.0,0.0,0.0,2.0239,False,False,1.4383
nyc-taxi,ooa,24,78,False,1.0,0.0,0.0,0.0,1.9838,False,False,0.8164
nyc-taxi,ooa,24,41,False,1.0,0.0,0.0,0.0,2.0932,False,False,0.6171
nyc-taxi,ooa,25,0,False,1.0,0.0,0.0,0.0,1.7084,False,False,0.5252
nyc-taxi,ooa,25,20,False,1.0,0.0,0.0,0.0,1.9012,False,False,1.1873
nyc-taxi,ooa,25,21,False,1.0,0.0,0.0,0.0,2.1467,False,False,1.3546
nyc-taxi,ooa,25,65,True,1.0,0.0,0.0,0.0,1.4366,False,False,0.6925
nyc-taxi,ooa,26,40,False,1.0,0.0,0.0,0.0,2.0493,False,False,0.0982
nyc-taxi,ooa,26,25,False,1.0,0.0,0.0,0.0,2.1085,False,True,2.0624
nyc-taxi,ooa,26,76,False,1.0,0.0,0.0,0.0,2.3223,False,False,1.1645
nyc-taxi,ooa,26,6,False,1.0,0.0,0.0,0.0,2.0141,False,False,0.3586
nyc-taxi,ooa,26,77,False,1.0,0.0,0.0,0.0,2.0223,False,False,1.0654
nyc-taxi,ooa,26,42,False,1.0,0.0,0.0,0.0,2.4243,False,False,1.2078
nyc-taxi,ooa,26,67,False,1.0,0.0,0.0,0.0,2.3267,False,False,0.2406
nyc-taxi,ooa,26,5,False,1.0,0.0,0.0,0.0,2.1351,False,False,0.0508
nyc-taxi,ooa,26,22,True,1.0,0.0,0.0,0.0,2.2247,False,False,0.7732
nyc-taxi,ooa,27,78,False,1.0,0.0,0.0,0.0,2.0501,False,False,0.0322
nyc-taxi,ooa,27,10,False,1.0,0.0,0.0,0.0,1.9457,False,False,0.3342
nyc-taxi,ooa,27,28,False,1.0,0.0,0.0,0.0,1.9897,False,False,0.3616
nyc-taxi,ooa,27,25,False,1.0,0.0,0.0,0.0,1.9064,False,False,1.4799
nyc-taxi,ooa,27,66,True,1.0,0.0,0.0,0.0,2.2929,False,False,1.8552
nyc-taxi,ooa,27,58,True,1.0,0.0,0.0,0.0,1.8833,False,False,0.3527
nyc-taxi,ooa,28,9,False,1.0,0.0,0.0,0.0,1.9364,False,False,1.1449
nyc-taxi,ooa,28,67,False,1.0,0.0,0.0,0.0,2.3104,False,False,0.5843
nyc-taxi,ooa,28,76,False,1.0,0.0,0.0,0.0,1.8479,False,False,1.1235
nyc-taxi,ooa,28,70,False,1.0,0.0,0.0,0.0,2.3882,False,False,1.4197
nyc-taxi,ooa,28,2,False,1.0,0.0,0.0,0.0,1.601,False,False,0.2645
nyc-taxi,ooa,29,65,False,1.0,0.0,0.0,0.0,1.8582,False,False,0.7514
nyc-taxi,ooa,29,79,False,1.0,0.0,0.0,0.0,2.193,False,False,0.396
nyc-taxi,ooa,29,66,False,1.0,0.0,0.0,0.0,2.2201,False,False,0.6725
nyc-taxi,ooa,29,49,True,0.0,0.1,0.1,0.0,5.469,True,False,1.9517
nyc-taxi,ooa,29,54,True,1.0,0.0,0.0,0.0,2.232,False,False,0.1318
